id,RelEv,TagDate,RelSite,RelLoc,RelDate,RelTime,wtempC,weight,FL,AirTime,CanID
36439,2,2016-02-20,S1,TISDALE,2016-02-21,1049,11.4,13.5,108,2:34,8
36461,11,2016-03-10,T1,TISDALE,2016-03-11,9,11,14.3,111,1:49,3
36389,1,2016-02-20,S1,TISDALE,2016-02-21,538,11.4,17.4,117,N/T,1
36470,4,2016-02-20,S1,TISDALE,2016-02-21,2301,13,18,120,1:45,13
36434,4,2016-02-20,S1,TISDALE,2016-02-21,2308,13,18.1,118,2:17,15
36519,3,2016-02-20,S1,TISDALE,2016-02-21,1658,13,18.5,119,2:06,10
39321,8,2016-03-05,S1,TISDALE,2016-03-06,2112,14.4,19.5,122,2:27,16
36450,2,2016-02-20,S1,TISDALE,2016-02-21,1039,11.4,20.3,124,2:14,5
36597,2,2016-02-20,S1,TISDALE,2016-02-21,1046,11.4,20.8,123,2:23,7
36408,17,2016-03-10,T3,TISDALE,2016-03-11,755,12.7,20.9,125,1:55,9
36476,2,2016-02-20,S1,TISDALE,2016-02-21,1046,11.4,21,123,1:48,7
36617,4,2016-02-20,S1,TISDALE,2016-02-21,2311,13,21.1,124,2:41,16
36605,3,2016-02-20,S1,TISDALE,2016-02-21,1658,13,21.3,126,N/T,10
38887,7,2016-03-05,S1,TISDALE,2016-03-06,1439,14.1,21.3,128,1:48,11
36581,2,2016-02-20,S1,TISDALE,2016-02-21,1043,11.4,21.5,127,2:01,6
36484,2,2016-02-20,S1,TISDALE,2016-02-21,1039,11.4,21.9,128,1:44,5
36739,2,2016-02-20,S1,TISDALE,2016-02-21,1043,11.4,22,124,2:08,6
38820,5,2016-03-05,S1,TISDALE,2016-03-06,311,14.1,22.2,125,1:41,3
36606,3,2016-02-20,S1,TISDALE,2016-02-21,1706,13,22.4,129,2:33,12
38847,6,2016-03-05,S1,TISDALE,2016-03-06,855,14.7,22.5,129,1:55,7
39576,31,2016-03-14,S1,TISDALE,2016-03-16,159,11.4,22.5,127,2:08,2
36424,3,2016-02-20,S1,TISDALE,2016-02-21,1702,13,22.6,132,1:58,11
38969,9,2016-03-10,T1,TISDALE,2016-03-11,3,11,22.6,129,1:54,1
36410,3,2016-02-20,S1,TISDALE,2016-02-21,1655,13,22.7,131,1:45,9
36629,4,2016-02-20,S1,TISDALE,2016-02-21,2305,13,23.2,127,2:29,14
36737,2,2016-02-20,S1,TISDALE,2016-02-21,1043,11.4,23.5,129,1:25,6
36676,2,2016-02-20,S1,TISDALE,2016-02-21,1049,11.4,23.5,129,1:14,8
36463,4,2016-02-20,S1,TISDALE,2016-02-21,2308,13,23.6,133,1:55,15
39346,7,2016-03-05,S1,TISDALE,2016-03-06,1441,14.1,23.7,136,1:41,12
36642,1,2016-02-20,S1,TISDALE,2016-02-21,538,11.4,23.8,133,N/T,4
39096,53,2016-03-16,S1,TISDALE,2016-03-18,959,12.2,23.8,132,2:07,3
36394,1,2016-02-20,S1,TISDALE,2016-02-21,538,11.4,23.9,133,2:12,3
36584,2,2016-02-20,S1,TISDALE,2016-02-21,1043,11.4,24,134,,6
36588,2,2016-02-20,S1,TISDALE,2016-02-21,1043,11.4,24,133,,6
39322,8,2016-03-05,S1,TISDALE,2016-03-06,2112,14.4,24,133,2:22,16
36360,1,2016-02-20,S1,TISDALE,2016-02-21,538,11.4,24.3,132,1:47,3
39339,8,2016-03-05,S1,TISDALE,2016-03-06,2105,14.4,24.3,127,2:15,14
39464,16,2016-03-10,T2,TISDALE,2016-03-11,411,11,24.3,130,1:27,8
36509,1,2016-02-20,S1,TISDALE,2016-02-21,538,11.4,25.2,132,1:33,4
36392,1,2016-02-20,S1,TISDALE,2016-02-21,538,11.4,25.3,134,1:45,3
36457,4,2016-02-20,S1,TISDALE,2016-02-21,2308,13,25.3,131,1:59,15
36505,1,2016-02-20,S1,TISDALE,2016-02-21,538,11.4,25.6,135,1:27,4
36380,3,2016-02-20,S1,TISDALE,2016-02-21,1702,13,25.9,133,1:34,11
39411,5,2016-03-05,S1,TISDALE,2016-03-06,314,14.1,26.4,137,1:24,4
39473,18,2016-03-10,T3,TISDALE,2016-03-11,759,12.7,26.5,140,1:31,10
38875,7,2016-03-05,S1,TISDALE,2016-03-06,1439,14.1,26.6,137,1:51,11
36441,2,2016-02-20,S1,TISDALE,2016-02-21,1049,11.4,26.7,136,2:11,8
38902,8,2016-03-05,S1,TISDALE,2016-03-06,2100,14.4,26.8,137,1:28,13
36342,1,2016-02-20,S1,TISDALE,2016-02-21,538,11.4,27.2,139,2:29,1
38780,5,2016-03-05,S1,TISDALE,2016-03-06,301,14.1,27.2,137,3:26,1
39420,5,2016-03-05,S1,TISDALE,2016-03-06,314,14.1,27.2,136,2:05,4
36480,2,2016-02-20,S1,TISDALE,2016-02-21,1046,11.4,27.4,140,1:39,7
38923,8,2016-03-05,S1,TISDALE,2016-03-06,2108,14.4,27.4,139,1:39,15
36382,1,2016-02-20,S1,TISDALE,2016-02-21,538,11.4,27.6,133,2:04,1
38934,11,2016-03-10,T1,TISDALE,2016-03-11,9,11,27.7,140,1:28,3
36379,3,2016-02-20,S1,TISDALE,2016-02-21,1702,13,27.8,138,1:50,11
39459,14,2016-03-10,T2,TISDALE,2016-03-11,405,11,28,139,1:28,6
36459,4,2016-02-20,S1,TISDALE,2016-02-21,2308,13,28.1,139,1:48,15
36425,4,2016-02-20,S1,TISDALE,2016-02-21,2301,13,28.2,131,2:01,13
36631,4,2016-02-20,S1,TISDALE,2016-02-21,2305,13,28.3,141,1:53,14
36438,4,2016-02-20,S1,TISDALE,2016-02-21,2308,13,28.3,134,,15
39331,8,2016-03-05,S1,TISDALE,2016-03-06,2105,14.4,28.4,138,1:31,14
36640,1,2016-02-20,S1,TISDALE,2016-02-21,538,11.4,28.5,137,2:17,4
39018,32,2016-03-14,S1,TISDALE,2016-03-16,1000,11.4,28.5,140,1:45,3
39398,6,2016-03-05,S1,TISDALE,2016-03-06,850,14.7,28.6,144,1:35,6
38859,7,2016-03-05,S1,TISDALE,2016-03-06,1433,14.1,28.6,138,1:46,9
36652,4,2016-02-20,S1,TISDALE,2016-02-21,2311,13,28.8,138,2:10,16
38786,5,2016-03-05,S1,TISDALE,2016-03-06,301,14.1,28.8,139,2:22,1
39505,15,2016-03-10,T2,TISDALE,2016-03-11,409,11,28.9,138,2:26,7
39291,20,2016-03-10,T3,TISDALE,2016-03-11,803,12.7,28.9,138,2:02,12
38942,15,2016-03-10,T2,TISDALE,2016-03-11,409,11,29.1,140,1:29,7
39488,10,2016-03-10,T1,TISDALE,2016-03-11,7,11,29.3,143,2:06,2
36521,3,2016-02-20,S1,TISDALE,2016-02-21,1658,13,29.4,138,1:37,10
39106,51,2016-03-16,S1,TISDALE,2016-03-17,1800,12.2,29.4,139,1:32,2
39016,30,2016-03-14,S1,TISDALE,2016-03-15,1800,14.4,29.5,145,1:37,1
36667,4,2016-02-20,S1,TISDALE,2016-02-21,2305,13,29.7,145,1:34,14
39462,16,2016-03-10,T2,TISDALE,2016-03-11,411,11,29.7,141,,8
39057,30,2016-03-14,S1,TISDALE,2016-03-15,1800,11.4,29.7,140,2:21,1
36498,1,2016-02-20,S1,TISDALE,2016-02-21,538,11.4,29.8,139,1:47,2
39532,31,2016-03-14,S1,TISDALE,2016-03-16,159,11.4,29.8,138,1:48,2
36675,2,2016-02-20,S1,TISDALE,2016-02-21,1049,11.4,30.2,138,1:29,8
38993,17,2016-03-10,T3,TISDALE,2016-03-11,755,12.7,30.2,138,1:59,9
36586,2,2016-02-20,S1,TISDALE,2016-02-21,1043,11.4,30.3,143,1:56,6
39451,12,2016-03-10,T1,TISDALE,2016-03-11,13,11,30.3,140,1:43,4
39477,20,2016-03-10,T3,TISDALE,2016-03-11,803,12.7,30.3,145,1:24,12
36413,3,2016-02-20,S1,TISDALE,2016-02-21,1702,13,30.6,138,1:56,11
38852,6,2016-03-05,S1,TISDALE,2016-03-06,855,14.7,30.7,145,1:21,7
39365,7,2016-03-05,S1,TISDALE,2016-03-06,1436,14.1,30.8,140,1:38,10
39475,20,2016-03-10,T3,TISDALE,2016-03-11,803,12.7,30.9,147,1:26,12
36594,2,2016-02-20,S1,TISDALE,2016-02-21,1046,11.4,31.1,147,2:13,7
39853,18,2016-03-10,T3,TISDALE,2016-03-11,759,12.7,31.3,146,2:42,10
39113,53,2016-03-16,S1,TISDALE,2016-03-18,959,12.2,31.3,150,1:15,3
36475,2,2016-02-20,S1,TISDALE,2016-02-21,1046,11.4,31.4,144,1:36,7
39849,18,2016-03-10,T3,TISDALE,2016-03-11,759,12.7,31.4,148,1:53,10
39284,19,2016-03-10,T3,TISDALE,2016-03-11,802,12.7,31.4,145,2:00,11
36660,4,2016-02-20,S1,TISDALE,2016-02-21,2311,13,31.5,147,1:40,16
39056,30,2016-03-14,S1,TISDALE,2016-03-15,1800,11.4,31.5,146,2:01,1
36458,4,2016-02-20,S1,TISDALE,2016-02-21,2308,13,31.6,143,1:53,15
36615,4,2016-02-20,S1,TISDALE,2016-02-21,2311,13,31.7,142,2:02,16
38926,9,2016-03-10,T1,TISDALE,2016-03-11,3,11,31.7,148,1:35,1
38916,8,2016-03-05,S1,TISDALE,2016-03-06,2108,14.4,32,141,3:55,15
36488,2,2016-02-20,S1,TISDALE,2016-02-21,1039,11.4,32.1,144,1:26,5
38922,8,2016-03-05,S1,TISDALE,2016-03-06,2108,14.4,32.1,143,1:36,15
39470,18,2016-03-10,T3,TISDALE,2016-03-11,759,12.7,32.1,145,1:34,10
39098,53,2016-03-16,S1,TISDALE,2016-03-18,959,12.2,32.1,147,1:59,3
36465,4,2016-02-20,S1,TISDALE,2016-02-21,2301,13,32.2,148,1:26,13
36647,1,2016-02-20,S1,TISDALE,2016-02-21,538,11.4,32.3,142,2:49,2
36436,4,2016-02-20,S1,TISDALE,2016-02-21,2308,13,32.3,144,1:50,15
39387,6,2016-03-05,S1,TISDALE,2016-03-06,859,14.7,32.3,143,2:25,8
39355,7,2016-03-05,S1,TISDALE,2016-03-06,1441,14.1,32.3,148,2:16,12
36596,2,2016-02-20,S1,TISDALE,2016-02-21,1046,11.4,32.5,144,2:02,7
39412,5,2016-03-05,S1,TISDALE,2016-03-06,314,14.1,32.5,144,1:27,4
39368,7,2016-03-05,S1,TISDALE,2016-03-06,1436,14.1,32.5,146,1:53,10
36507,1,2016-02-20,S1,TISDALE,2016-02-21,538,11.4,32.8,147,1:25,4
36370,3,2016-02-20,S1,TISDALE,2016-02-21,1655,13,32.8,145,1:39,9
39403,6,2016-03-05,S1,TISDALE,2016-03-06,850,14.7,33,144,1:47,6
39858,19,2016-03-10,T3,TISDALE,2016-03-11,802,12.7,33,149,3:04,11
39089,51,2016-03-16,S1,TISDALE,2016-03-17,1800,12.2,33.1,147,1:55,2
36472,4,2016-02-20,S1,TISDALE,2016-02-21,2301,13,33.2,145,1:32,13
38792,5,2016-03-05,S1,TISDALE,2016-03-06,301,14.1,33.2,151,1:42,1
38842,6,2016-03-05,S1,TISDALE,2016-03-06,846,14.7,33.4,151,1:32,5
39395,6,2016-03-05,S1,TISDALE,2016-03-06,850,14.7,33.6,147,1:31,6
39609,52,2016-03-16,S1,TISDALE,2016-03-18,200,12.2,33.6,150,1:26,1
39397,6,2016-03-05,S1,TISDALE,2016-03-06,850,14.7,33.7,148,1:26,6
39529,31,2016-03-14,S1,TISDALE,2016-03-16,159,11.4,33.7,149,1:25,2
39116,53,2016-03-16,S1,TISDALE,2016-03-18,959,12.2,33.7,148,1:20,3
36385,1,2016-02-20,S1,TISDALE,2016-02-21,538,11.4,33.8,145,2:28,1
36595,2,2016-02-20,S1,TISDALE,2016-02-21,1046,11.4,33.9,149,2:32,7
39329,8,2016-03-05,S1,TISDALE,2016-03-06,2105,14.4,33.9,149,1:39,14
36593,2,2016-02-20,S1,TISDALE,2016-02-21,1046,11.4,34,147,2:23,7
36377,3,2016-02-20,S1,TISDALE,2016-02-21,1702,13,34.1,147,1:41,11
39024,32,2016-03-14,S1,TISDALE,2016-03-16,1000,11.4,34.1,148,1:19,3
36431,4,2016-02-20,S1,TISDALE,2016-02-21,2301,13,34.2,139,2:11,13
36632,4,2016-02-20,S1,TISDALE,2016-02-21,2305,13,34.2,143,2:02,14
39361,7,2016-03-05,S1,TISDALE,2016-03-06,1436,14.1,34.2,148,1:28,10
38884,7,2016-03-05,S1,TISDALE,2016-03-06,1439,14.1,34.2,146,1:10,11
39389,6,2016-03-05,S1,TISDALE,2016-03-06,859,14.7,34.4,143,2:07,8
36474,2,2016-02-20,S1,TISDALE,2016-02-21,1046,11.4,34.5,148,1:39,7
39377,6,2016-03-05,S1,TISDALE,2016-03-06,859,14.7,34.5,148,1:34,8
36454,2,2016-02-20,S1,TISDALE,2016-02-21,1039,11.4,34.6,152,2:14,5
39342,8,2016-03-05,S1,TISDALE,2016-03-06,2105,14.4,34.6,147,2:17,14
39330,8,2016-03-05,S1,TISDALE,2016-03-06,2105,14.4,34.6,150,1:32,14
36354,1,2016-02-20,S1,TISDALE,2016-02-21,538,11.4,34.7,151,1:32,3
36669,2,2016-02-20,S1,TISDALE,2016-02-21,1049,11.4,34.7,150,1:09,8
38860,7,2016-03-05,S1,TISDALE,2016-03-06,1433,14.1,34.7,147,2:36,9
38938,13,2016-03-10,T2,TISDALE,2016-03-11,402,11,34.7,145,1:35,5
36397,1,2016-02-20,S1,TISDALE,2016-02-21,538,11.4,34.8,151,2:10,3
36345,1,2016-02-20,S1,TISDALE,2016-02-21,538,11.4,34.8,152,1:47,1
39318,8,2016-03-05,S1,TISDALE,2016-03-06,2112,14.4,34.8,150,1:41,16
36451,2,2016-02-20,S1,TISDALE,2016-02-21,1039,11.4,34.9,135,1:14,5
36374,3,2016-02-20,S1,TISDALE,2016-02-21,1702,13,34.9,150,1:41,11
36618,4,2016-02-20,S1,TISDALE,2016-02-21,2311,13,34.9,146,2:12,16
36534,3,2016-02-20,S1,TISDALE,2016-02-21,1706,13,35,151,2:04,12
39425,5,2016-03-05,S1,TISDALE,2016-03-06,306,14.1,35,148,1:27,2
39017,30,2016-03-14,S1,TISDALE,2016-03-15,1800,14.4,35,148,1:19,1
36487,2,2016-02-20,S1,TISDALE,2016-02-21,1039,11.4,35.1,149,1:37,5
36428,4,2016-02-20,S1,TISDALE,2016-02-21,2301,13,35.2,145,1:46,13
39393,6,2016-03-05,S1,TISDALE,2016-03-06,850,14.7,35.2,148,1:35,6
39375,6,2016-03-05,S1,TISDALE,2016-03-06,859,14.7,35.2,154,1:30,8
39443,10,2016-03-10,T1,TISDALE,2016-03-11,7,11,35.2,150,1:37,2
38894,8,2016-03-05,S1,TISDALE,2016-03-06,2100,14.4,35.3,149,2:58,13
39327,8,2016-03-05,S1,TISDALE,2016-03-06,2105,14.4,35.3,150,1:32,14
36362,3,2016-02-20,S1,TISDALE,2016-02-21,1655,13,35.4,150,1:40,9
38849,6,2016-03-05,S1,TISDALE,2016-03-06,855,14.7,35.5,150,2:11,7
38911,8,2016-03-05,S1,TISDALE,2016-03-06,2108,14.4,35.5,149,1:52,15
36423,3,2016-02-20,S1,TISDALE,2016-02-21,1702,13,35.6,150,2:03,11
39408,5,2016-03-05,S1,TISDALE,2016-03-06,314,14.1,35.6,145,1:21,4
38896,8,2016-03-05,S1,TISDALE,2016-03-06,2100,14.4,35.6,151,1:58,13
38989,17,2016-03-10,T3,TISDALE,2016-03-11,755,12.7,35.7,151,N/T,9
36591,32,2016-03-14,S1,TISDALE,2016-03-16,1000,11.4,35.7,150,4:08,3
36367,3,2016-02-20,S1,TISDALE,2016-02-21,1655,13,35.8,148,1:33,9
39468,18,2016-03-10,T3,TISDALE,2016-03-11,759,12.7,35.8,152,1:30,10
39612,52,2016-03-16,S1,TISDALE,2016-03-18,200,12.2,35.8,151,1:08,1
38857,6,2016-03-05,S1,TISDALE,2016-03-06,855,14.7,35.9,153,1:37,7
38862,7,2016-03-05,S1,TISDALE,2016-03-06,1433,14.1,35.9,151,2:25,9
38878,7,2016-03-05,S1,TISDALE,2016-03-06,1439,14.1,35.9,148,1:32,11
39354,7,2016-03-05,S1,TISDALE,2016-03-06,1441,14.1,35.9,151,1:56,12
36435,4,2016-02-20,S1,TISDALE,2016-02-21,2308,13,36,153,1:58,15
39431,5,2016-03-05,S1,TISDALE,2016-03-06,306,14.1,36,152,2:07,2
39055,30,2016-03-14,S1,TISDALE,2016-03-15,1800,11.4,36,152,2:07,1
39319,8,2016-03-05,S1,TISDALE,2016-03-06,2112,14.4,36.1,152,1:38,16
38974,11,2016-03-10,T1,TISDALE,2016-03-11,9,11,36.1,151,2:03,3
39400,6,2016-03-05,S1,TISDALE,2016-03-06,850,14.7,36.2,152,1:57,6
39090,51,2016-03-16,S1,TISDALE,2016-03-17,1800,12.2,36.3,152,1:51,2
36442,2,2016-02-20,S1,TISDALE,2016-02-21,1046,11.4,36.4,133,1:38,7
39445,10,2016-03-10,T1,TISDALE,2016-03-11,7,11,36.5,148,1:31,2
39092,51,2016-03-16,S1,TISDALE,2016-03-17,1800,12.2,36.7,153,2:35,2
36444,2,2016-02-20,S1,TISDALE,2016-02-21,1049,11.4,36.8,151,1:58,8
36628,4,2016-02-20,S1,TISDALE,2016-02-21,2305,13,36.8,151,2:04,14
39383,6,2016-03-05,S1,TISDALE,2016-03-06,859,14.7,36.8,151,2:09,8
39856,18,2016-03-10,T3,TISDALE,2016-03-11,759,12.7,36.8,146,1:58,10
36479,31,2016-03-14,S1,TISDALE,2016-03-16,159,11.4,36.8,152,1:22,2
36599,3,2016-02-20,S1,TISDALE,2016-02-21,1658,13,36.9,151,2:17,10
38845,6,2016-03-05,S1,TISDALE,2016-03-06,855,14.7,36.9,153,2:06,7
38899,8,2016-03-05,S1,TISDALE,2016-03-06,2100,14.4,36.9,153,1:57,13
36656,4,2016-02-20,S1,TISDALE,2016-02-21,2311,13,37,152,1:37,16
39417,5,2016-03-05,S1,TISDALE,2016-03-06,314,14.1,37,153,2:20,4
36353,2,2016-02-20,S1,TISDALE,2016-02-21,1039,11.4,37.1,153,,5
38936,13,2016-03-10,T2,TISDALE,2016-03-11,402,11,37.1,152,1:42,5
38944,15,2016-03-10,T2,TISDALE,2016-03-11,409,11,37.1,149,1:32,7
36437,4,2016-02-20,S1,TISDALE,2016-02-21,2308,13,37.2,154,1:38,15
39386,6,2016-03-05,S1,TISDALE,2016-03-06,859,14.7,37.3,153,2:06,8
39360,7,2016-03-05,S1,TISDALE,2016-03-06,1436,14.1,37.3,148,1:35,10
36654,4,2016-02-20,S1,TISDALE,2016-02-21,2311,13,37.4,155,1:37,16
38912,8,2016-03-05,S1,TISDALE,2016-03-06,2108,14.4,37.4,154,1:44,15
36453,2,2016-02-20,S1,TISDALE,2016-02-21,1039,11.4,37.5,152,,5
36655,4,2016-02-20,S1,TISDALE,2016-02-21,2311,13,37.5,153,1:43,16
36672,2,2016-02-20,S1,TISDALE,2016-02-21,1049,11.4,37.6,152,1:34,8
38873,7,2016-03-05,S1,TISDALE,2016-03-06,1439,14.1,37.6,152,2:12,11
36447,2,2016-02-20,S1,TISDALE,2016-02-21,1039,11.4,37.7,153,1:41,5
38971,9,2016-03-10,T1,TISDALE,2016-03-11,3,11,37.7,153,1:53,1
38788,5,2016-03-05,S1,TISDALE,2016-03-06,301,14.1,38,150,2:00,1
39596,52,2016-03-16,S1,TISDALE,2016-03-18,200,12.2,38.1,153,2:10,1
39413,5,2016-03-05,S1,TISDALE,2016-03-06,314,14.1,38.2,153,1:29,4
38897,8,2016-03-05,S1,TISDALE,2016-03-06,2100,14.4,38.2,153,2:01,13
39494,12,2016-03-10,T1,TISDALE,2016-03-11,13,11,38.2,154,2:12,4
39852,18,2016-03-10,T3,TISDALE,2016-03-11,759,12.7,38.2,149,1:52,10
36638,1,2016-02-20,S1,TISDALE,2016-02-21,538,11.4,38.3,153,1:34,4
36525,3,2016-02-20,S1,TISDALE,2016-02-21,1706,13,38.3,150,1:35,12
39336,8,2016-03-05,S1,TISDALE,2016-03-06,2105,14.4,38.3,156,2:04,14
36369,3,2016-02-20,S1,TISDALE,2016-02-21,1655,13,38.4,152,1:40,9
36623,4,2016-02-20,S1,TISDALE,2016-02-21,2308,13,38.4,154,1:49,15
39334,8,2016-03-05,S1,TISDALE,2016-03-06,2105,14.4,38.5,151,1:32,14
38977,11,2016-03-10,T1,TISDALE,2016-03-11,9,11,38.5,154,2:04,3
36443,2,2016-02-20,S1,TISDALE,2016-02-21,1049,11.4,38.7,157,3:00,8
36516,3,2016-02-20,S1,TISDALE,2016-02-21,1658,13,38.7,153,1:44,10
36531,3,2016-02-20,S1,TISDALE,2016-02-21,1706,13,38.7,152,1:26,12
38880,7,2016-03-05,S1,TISDALE,2016-03-06,1439,14.1,38.8,150,1:27,11
36536,3,2016-02-20,S1,TISDALE,2016-02-21,1706,13,38.9,158,1:29,12
36391,1,2016-02-20,S1,TISDALE,2016-02-21,538,11.4,39,158,2:09,3
38827,6,2016-03-05,S1,TISDALE,2016-03-06,846,14.7,39,161,1:51,5
38901,8,2016-03-05,S1,TISDALE,2016-03-06,2100,14.4,39,152,1:21,13
36513,1,2016-02-20,S1,TISDALE,2016-02-21,538,11.4,39.1,150,1:31,4
38889,7,2016-03-05,S1,TISDALE,2016-03-06,1439,14.1,39.1,152,1:45,11
36427,4,2016-02-20,S1,TISDALE,2016-02-21,2301,13,39.2,139,1:52,13
39502,15,2016-03-10,T2,TISDALE,2016-03-11,409,11,39.2,155,3:12,7
36390,1,2016-02-20,S1,TISDALE,2016-02-21,538,11.4,39.3,153,2:06,3
36478,2,2016-02-20,S1,TISDALE,2016-02-21,1046,11.4,39.4,155,1:48,7
36633,4,2016-02-20,S1,TISDALE,2016-02-21,2305,13,39.4,156,2:11,14
36358,1,2016-02-20,S1,TISDALE,2016-02-21,538,11.4,39.5,153,1:31,3
36634,1,2016-02-20,S1,TISDALE,2016-02-21,538,11.4,39.7,154,2:57,4
36610,3,2016-02-20,S1,TISDALE,2016-02-21,1706,13,39.7,158,1:53,12
39316,8,2016-03-05,S1,TISDALE,2016-03-06,2112,14.4,39.8,156,2:08,16
38935,11,2016-03-10,T1,TISDALE,2016-03-11,9,11,39.8,155,1:35,3
36383,1,2016-02-20,S1,TISDALE,2016-02-21,538,11.4,39.9,159,3:08,1
39059,32,2016-03-14,S1,TISDALE,2016-03-16,1000,11.4,39.9,157,1:55,3
39107,51,2016-03-16,S1,TISDALE,2016-03-17,1800,12.2,39.9,155,1:13,2
36371,3,2016-02-20,S1,TISDALE,2016-02-21,1702,13,40,155,1:41,11
38868,7,2016-03-05,S1,TISDALE,2016-03-06,1433,14.1,40,154,1:41,9
38821,5,2016-03-05,S1,TISDALE,2016-03-06,311,14.1,40.2,157,1:24,3
38924,8,2016-03-05,S1,TISDALE,2016-03-06,2108,14.4,40.2,155,1:41,15
39283,19,2016-03-10,T3,TISDALE,2016-03-11,802,12.7,40.2,151,2:16,11
36608,3,2016-02-20,S1,TISDALE,2016-02-21,1706,13,40.3,156,2:02,12
36664,4,2016-02-20,S1,TISDALE,2016-02-21,2305,13,40.4,156,1:55,14
39357,7,2016-03-05,S1,TISDALE,2016-03-06,1441,14.1,40.4,177,1:54,12
36462,4,2016-02-20,S1,TISDALE,2016-02-21,2308,13,40.6,155,1:40,15
36416,3,2016-02-20,S1,TISDALE,2016-02-21,1702,13,40.7,159,2:02,11
36614,4,2016-02-20,S1,TISDALE,2016-02-21,2311,13,40.7,161,2:10,16
39364,7,2016-03-05,S1,TISDALE,2016-03-06,1436,14.1,40.7,158,1:27,10
36495,1,2016-02-20,S1,TISDALE,2016-02-21,538,11.4,40.8,153,1:47,2
39390,6,2016-03-05,S1,TISDALE,2016-03-06,850,14.7,40.8,156,1:22,6
36622,4,2016-02-20,S1,TISDALE,2016-02-21,2311,13,40.9,160,1:41,16
39118,53,2016-03-16,S1,TISDALE,2016-03-18,959,12.2,40.9,159,1:20,3
36520,3,2016-02-20,S1,TISDALE,2016-02-21,1658,13,41,155,1:53,10
38816,5,2016-03-05,S1,TISDALE,2016-03-06,311,14.1,41,156,2:08,3
36468,4,2016-02-20,S1,TISDALE,2016-02-21,2301,13,41.1,160,1:47,13
38892,8,2016-03-05,S1,TISDALE,2016-03-06,2100,14.4,41.2,157,1:58,13
38903,8,2016-03-05,S1,TISDALE,2016-03-06,2100,14.4,41.3,157,1:35,13
39433,5,2016-03-05,S1,TISDALE,2016-03-06,306,14.1,41.5,156,1:47,2
39572,31,2016-03-14,S1,TISDALE,2016-03-16,159,11.4,41.5,158,2:02,2
39418,5,2016-03-05,S1,TISDALE,2016-03-06,314,14.1,41.6,157,2:13,4
39349,7,2016-03-05,S1,TISDALE,2016-03-06,1441,14.1,41.6,160,1:24,12
38906,8,2016-03-05,S1,TISDALE,2016-03-06,2100,14.4,41.7,158,1:27,13
36445,2,2016-02-20,S1,TISDALE,2016-02-21,1049,11.4,41.8,157,1:58,8
39495,12,2016-03-10,T1,TISDALE,2016-03-11,13,11,41.8,155,1:22,4
38782,5,2016-03-05,S1,TISDALE,2016-03-06,301,14.1,42,156,2:21,1
38828,6,2016-03-05,S1,TISDALE,2016-03-06,846,14.7,42,158,1:54,5
39323,8,2016-03-05,S1,TISDALE,2016-03-06,2112,14.4,42,161,2:16,16
36376,3,2016-02-20,S1,TISDALE,2016-02-21,1702,13,42.1,160,1:32,11
36492,2,2016-02-20,S1,TISDALE,2016-02-21,1039,11.4,42.2,155,1:49,5
38895,8,2016-03-05,S1,TISDALE,2016-03-06,2100,14.4,42.3,165,1:53,13
36446,2,2016-02-20,S1,TISDALE,2016-02-21,1049,11.4,42.4,157,1:57,8
39478,20,2016-03-10,T3,TISDALE,2016-03-11,803,12.7,42.5,157,1:25,12
36609,3,2016-02-20,S1,TISDALE,2016-02-21,1706,13,42.7,161,2:04,12
38795,5,2016-03-05,S1,TISDALE,2016-03-06,311,14.1,42.7,162,1:55,3
39372,7,2016-03-05,S1,TISDALE,2016-03-06,1436,14.1,42.7,157,1:50,10
36587,2,2016-02-20,S1,TISDALE,2016-02-21,1043,11.4,42.8,159,2:16,6
39108,51,2016-03-16,S1,TISDALE,2016-03-17,1800,12.2,42.8,163,1:23,2
36529,13,2016-03-10,T2,TISDALE,2016-03-11,402,11,43,156,1:58,5
39578,31,2016-03-14,S1,TISDALE,2016-03-16,159,11.4,43,164,2:06,2
39109,51,2016-03-16,S1,TISDALE,2016-03-17,1800,12.2,43,165,1:40,2
36426,4,2016-02-20,S1,TISDALE,2016-02-21,2301,13,43.3,163,1:42,13
39344,7,2016-03-05,S1,TISDALE,2016-03-06,1441,14.1,43.3,161,1:27,12
38784,5,2016-03-05,S1,TISDALE,2016-03-06,301,14.1,43.4,156,2:29,1
39503,15,2016-03-10,T2,TISDALE,2016-03-11,409,11,43.4,161,2:08,7
38819,5,2016-03-05,S1,TISDALE,2016-03-06,311,14.1,43.5,157,1:33,3
38915,8,2016-03-05,S1,TISDALE,2016-03-06,2108,14.4,43.5,164,2:10,15
38937,13,2016-03-10,T2,TISDALE,2016-03-11,402,11,43.6,159,1:50,5
36347,1,2016-02-20,S1,TISDALE,2016-02-21,538,11.4,43.7,159,1:58,1
36469,4,2016-02-20,S1,TISDALE,2016-02-21,2301,13,43.7,159,1:40,13
39447,19,2016-03-10,T3,TISDALE,2016-03-11,802,12.7,43.7,167,1:33,11
39533,31,2016-03-14,S1,TISDALE,2016-03-16,159,11.4,43.7,162,1:40,2
38876,7,2016-03-05,S1,TISDALE,2016-03-06,1439,14.1,43.8,159,2:03,11
39430,5,2016-03-05,S1,TISDALE,2016-03-06,306,14.1,43.9,163,1:24,2
38921,8,2016-03-05,S1,TISDALE,2016-03-06,2108,14.4,44,164,1:34,15
36662,4,2016-02-20,S1,TISDALE,2016-02-21,2308,13,44.1,165,1:53,14
38948,17,2016-03-10,T3,TISDALE,2016-03-11,755,12.7,44.1,165,1:31,9
36740,2,2016-02-20,S1,TISDALE,2016-02-21,1043,11.4,44.2,158,1:47,6
36677,2,2016-02-20,S1,TISDALE,2016-02-21,1049,11.4,44.2,157,1:33,8
39610,52,2016-03-16,S1,TISDALE,2016-03-18,200,12.2,44.2,163,1:58,1
36384,1,2016-02-20,S1,TISDALE,2016-02-21,538,11.4,44.3,160,3:01,1
39860,19,2016-03-10,T3,TISDALE,2016-03-11,802,12.7,44.5,166,2:00,11
36433,4,2016-02-20,S1,TISDALE,2016-02-21,2308,13,44.6,163,2:33,15
39497,13,2016-03-10,T2,TISDALE,2016-03-11,402,11,44.6,161,2:02,5
38987,16,2016-03-10,T2,TISDALE,2016-03-11,411,11,44.7,163,2:12,8
36517,3,2016-02-20,S1,TISDALE,2016-02-21,1658,13,44.8,160,1:51,10
39370,7,2016-03-05,S1,TISDALE,2016-03-06,1436,14.1,44.8,159,1:33,10
36491,2,2016-02-20,S1,TISDALE,2016-02-21,1039,11.4,45,158,1:24,5
39435,5,2016-03-05,S1,TISDALE,2016-03-06,306,14.1,45,156,2:18,2
39414,5,2016-03-05,S1,TISDALE,2016-03-06,314,14.1,45.1,162,2:00,4
36419,3,2016-02-20,S1,TISDALE,2016-02-21,1702,13,45.2,161,2:12,11
39485,10,2016-03-10,T1,TISDALE,2016-03-11,7,11,45.2,161,2:05,2
38982,14,2016-03-10,T2,TISDALE,2016-03-11,405,11,45.2,161,2:20,6
39579,30,2016-03-14,S1,TISDALE,2016-03-15,1800,11.4,45.2,166,2:11,1
39088,51,2016-03-16,S1,TISDALE,2016-03-17,1800,12.2,45.2,161,1:59,2
38867,7,2016-03-05,S1,TISDALE,2016-03-06,1433,14.1,45.3,165,1:34,9
36421,3,2016-02-20,S1,TISDALE,2016-02-21,1702,13,45.4,161,2:20,11
36668,4,2016-02-20,S1,TISDALE,2016-02-21,2305,13,45.6,164,1:58,14
38918,8,2016-03-05,S1,TISDALE,2016-03-06,2108,14.4,45.6,160,1:21,15
38991,17,2016-03-10,T3,TISDALE,2016-03-11,755,12.7,45.6,160,2:04,9
36528,3,2016-02-20,S1,TISDALE,2016-02-21,1706,13,45.7,168,2:28,12
39394,6,2016-03-05,S1,TISDALE,2016-03-06,850,14.7,45.8,164,1:18,6
39110,51,2016-03-16,S1,TISDALE,2016-03-17,1800,12.2,45.8,164,1:09,2
36613,3,2016-02-20,S1,TISDALE,2016-02-21,1706,13,45.9,164,2:07,12
38904,8,2016-03-05,S1,TISDALE,2016-03-06,2100,14.4,45.9,167,1:26,13
36368,3,2016-02-20,S1,TISDALE,2016-02-21,1655,13,46,166,N/T,9
38829,6,2016-03-05,S1,TISDALE,2016-03-06,846,14.7,46,163,2:43,5
39311,8,2016-03-05,S1,TISDALE,2016-03-06,2112,14.4,46,163,1:41,16
38781,5,2016-03-05,S1,TISDALE,2016-03-06,301,14.1,46.1,163,2:43,1
39440,10,2016-03-10,T1,TISDALE,2016-03-11,7,11,46.2,158,1:36,2
38947,17,2016-03-10,T3,TISDALE,2016-03-11,755,12.7,46.2,163,1:30,9
36537,2,2016-02-20,S1,TISDALE,2016-02-21,1043,11.4,46.3,163,1:35,6
38980,14,2016-03-10,T2,TISDALE,2016-03-11,405,11,46.3,164,1:57,6
36396,1,2016-02-20,S1,TISDALE,2016-02-21,538,11.4,46.4,165,1:52,3
36666,4,2016-02-20,S1,TISDALE,2016-02-21,2305,13,46.4,160,1:37,14
38826,5,2016-03-05,S1,TISDALE,2016-03-06,311,14.1,46.4,163,1:27,3
38815,5,2016-03-05,S1,TISDALE,2016-03-06,311,14.1,46.5,165,2:34,3
39674,9,2016-03-10,T1,TISDALE,2016-03-11,3,11,46.5,166,2:01,1
39608,52,2016-03-16,S1,TISDALE,2016-03-18,200,12.2,46.5,164,1:15,1
36502,1,2016-02-20,S1,TISDALE,2016-02-21,538,11.4,46.7,168,1:47,2
38787,5,2016-03-05,S1,TISDALE,2016-03-06,301,14.1,46.7,163,1:32,1
36341,1,2016-02-20,S1,TISDALE,2016-02-21,538,11.4,46.8,162,2:35,1
39374,7,2016-03-05,S1,TISDALE,2016-03-06,1436,14.1,46.8,161,1:38,10
39854,18,2016-03-10,T3,TISDALE,2016-03-11,759,12.7,46.8,163,2:11,10
38848,6,2016-03-05,S1,TISDALE,2016-03-06,855,14.7,46.9,164,2:13,7
39444,10,2016-03-10,T1,TISDALE,2016-03-11,7,11,46.9,165,1:43,2
39456,14,2016-03-10,T2,TISDALE,2016-03-11,405,11,46.9,169,1:40,6
36411,3,2016-02-20,S1,TISDALE,2016-02-21,1655,13,47,164,N/T,9
38824,5,2016-03-05,S1,TISDALE,2016-03-06,311,14.1,47,163,1:17,3
38851,6,2016-03-05,S1,TISDALE,2016-03-06,855,14.7,47,168,1:30,7
38890,7,2016-03-05,S1,TISDALE,2016-03-06,1439,14.1,47,165,1:20,11
38927,9,2016-03-10,T1,TISDALE,2016-03-11,3,11,47,164,1:38,1
36644,1,2016-02-20,S1,TISDALE,2016-02-21,538,11.4,47.1,163,2:17,2
39474,20,2016-03-10,T3,TISDALE,2016-03-11,803,12.7,47.1,167,1:27,12
38908,8,2016-03-05,S1,TISDALE,2016-03-06,2108,14.4,47.2,161,2:16,15
38976,11,2016-03-10,T1,TISDALE,2016-03-11,9,11,47.2,165,2:04,3
39335,8,2016-03-05,S1,TISDALE,2016-03-06,2105,14.4,47.3,165,1:58,14
39577,31,2016-03-14,S1,TISDALE,2016-03-16,159,11.4,47.4,169,2:27,2
36604,3,2016-02-20,S1,TISDALE,2016-02-21,1658,13,47.5,163,1:51,10
39455,14,2016-03-10,T2,TISDALE,2016-03-11,405,11,47.5,163,1:48,6
38978,11,2016-03-10,T1,TISDALE,2016-03-11,9,11,47.6,165,1:47,3
39094,53,2016-03-16,S1,TISDALE,2016-03-18,959,12.2,47.6,167,2:25,3
39437,5,2016-03-05,S1,TISDALE,2016-03-06,306,14.1,47.7,169,1:56,2
36186,1,2016-02-20,S1,TISDALE,2016-02-21,538,11.4,48,163,2:31,1
36388,1,2016-02-20,S1,TISDALE,2016-02-21,538,11.4,48.1,165,2:45,1
39362,7,2016-03-05,S1,TISDALE,2016-03-06,1436,14.1,48.3,164,1:26,10
36601,3,2016-02-20,S1,TISDALE,2016-02-21,1658,13,48.6,162,1:49,10
36603,3,2016-02-20,S1,TISDALE,2016-02-21,1658,13,48.6,167,2:07,10
36398,3,2016-02-20,S1,TISDALE,2016-02-21,1655,13,48.8,166,N/T,9
36619,4,2016-02-20,S1,TISDALE,2016-02-21,2311,13,48.9,164,1:45,16
36511,1,2016-02-20,S1,TISDALE,2016-02-21,538,11.4,49,162,1:49,4
39407,6,2016-03-05,S1,TISDALE,2016-03-06,850,14.7,49,164,1:56,6
39454,14,2016-03-10,T2,TISDALE,2016-03-11,405,11,49,163,1:27,6
39465,16,2016-03-10,T2,TISDALE,2016-03-11,411,11,49,167,,8
38832,6,2016-03-05,S1,TISDALE,2016-03-06,846,14.7,49.1,164,1:59,5
39333,8,2016-03-05,S1,TISDALE,2016-03-06,2105,14.4,49.1,169,1:29,14
36460,4,2016-02-20,S1,TISDALE,2016-02-21,2308,13,49.2,171,1:47,15
36624,4,2016-02-20,S1,TISDALE,2016-02-21,2305,13,49.4,165,2:07,14
39324,8,2016-03-05,S1,TISDALE,2016-03-06,2112,14.4,49.4,166,1:51,16
36372,3,2016-02-20,S1,TISDALE,2016-02-21,1702,13,49.6,167,1:42,11
38791,5,2016-03-05,S1,TISDALE,2016-03-06,301,14.1,49.6,168,1:52,1
39115,53,2016-03-16,S1,TISDALE,2016-03-18,959,12.2,49.6,168,1:18,3
36387,1,2016-02-20,S1,TISDALE,2016-02-21,538,11.4,49.7,169,3:01,1
36585,2,2016-02-20,S1,TISDALE,2016-02-21,1043,11.4,49.7,165,,6
36742,2,2016-02-20,S1,TISDALE,2016-02-21,1043,11.4,49.7,166,1:22,6
39419,5,2016-03-05,S1,TISDALE,2016-03-06,314,14.1,49.7,166,1:48,4
39356,7,2016-03-05,S1,TISDALE,2016-03-06,1441,14.1,49.7,165,1:44,12
39501,15,2016-03-10,T2,TISDALE,2016-03-11,409,11,49.7,165,2:00,7
38975,11,2016-03-10,T1,TISDALE,2016-03-11,9,11,49.8,168,2:05,3
39463,16,2016-03-10,T2,TISDALE,2016-03-11,411,11,49.8,165,1:19,8
38994,17,2016-03-10,T3,TISDALE,2016-03-11,755,12.7,49.8,166,N/T,9
39332,8,2016-03-05,S1,TISDALE,2016-03-06,2105,14.4,49.9,165,1:29,14
39466,16,2016-03-10,T2,TISDALE,2016-03-11,411,11,49.9,166,1:25,8
38909,8,2016-03-05,S1,TISDALE,2016-03-06,2108,14.4,50.1,160,2:13,15
36665,4,2016-02-20,S1,TISDALE,2016-02-21,2305,13,50.2,168,1:34,14
36352,1,2016-02-20,S1,TISDALE,2016-02-21,538,11.4,50.4,166,1:36,3
36630,4,2016-02-20,S1,TISDALE,2016-02-21,2305,13,50.4,164,2:25,14
38952,19,2016-03-10,T3,TISDALE,2016-03-11,802,12.7,50.4,168,1:28,11
38984,14,2016-03-10,T2,TISDALE,2016-03-11,405,11,50.6,162,2:07,6
36473,2,2016-02-20,S1,TISDALE,2016-02-21,1046,11.4,50.7,172,1:41,7
36364,3,2016-02-20,S1,TISDALE,2016-02-21,1655,13,50.7,166,1:40,9
38986,16,2016-03-10,T2,TISDALE,2016-03-11,411,11,50.7,172,2:41,8
39373,7,2016-03-05,S1,TISDALE,2016-03-06,1436,14.1,50.8,170,1:51,10
39593,52,2016-03-16,S1,TISDALE,2016-03-18,200,12.2,50.8,171,1:59,1
38939,13,2016-03-10,T2,TISDALE,2016-03-11,402,11,51,171,1:25,5
36649,1,2016-02-20,S1,TISDALE,2016-02-21,538,11.4,51.1,165,2:22,2
39015,30,2016-03-14,S1,TISDALE,2016-03-15,1800,14.4,51.2,170,1:45,1
38917,8,2016-03-05,S1,TISDALE,2016-03-06,2108,14.4,51.3,173,1:36,15
39486,10,2016-03-10,T1,TISDALE,2016-03-11,7,11,51.3,166,2:04,2
39498,13,2016-03-10,T2,TISDALE,2016-03-11,402,11,51.4,169,2:03,5
36650,1,2016-02-20,S1,TISDALE,2016-02-21,538,11.4,51.5,167,2:22,2
36635,1,2016-02-20,S1,TISDALE,2016-02-21,538,11.4,51.6,166,2:00,4
36738,2,2016-02-20,S1,TISDALE,2016-02-21,1043,11.4,51.6,169,2:08,6
39436,5,2016-03-05,S1,TISDALE,2016-03-06,306,14.1,51.6,165,2:13,2
36403,7,2016-03-05,S1,TISDALE,2016-03-06,1439,14.1,51.6,174,1:38,11
36501,1,2016-02-20,S1,TISDALE,2016-02-21,538,11.4,51.7,168,1:50,2
38933,11,2016-03-10,T1,TISDALE,2016-03-11,9,11,51.9,170,1:20,3
38858,7,2016-03-05,S1,TISDALE,2016-03-06,1433,14.1,52.1,168,2:27,9
36422,3,2016-02-20,S1,TISDALE,2016-02-21,1702,13,52.3,167,2:27,11
39597,52,2016-03-16,S1,TISDALE,2016-03-18,200,12.2,52.3,172,2:12,1
38943,15,2016-03-10,T2,TISDALE,2016-03-11,409,11,52.4,169,1:32,7
39351,7,2016-03-05,S1,TISDALE,2016-03-06,1441,14.1,52.5,165,1:30,12
39384,6,2016-03-05,S1,TISDALE,2016-03-06,859,14.7,52.6,167,2:11,8
39449,12,2016-03-10,T1,TISDALE,2016-03-11,13,11,52.6,173,1:48,4
39441,10,2016-03-10,T1,TISDALE,2016-03-11,7,11,52.8,165,1:29,2
39066,32,2016-03-14,S1,TISDALE,2016-03-16,1000,11.4,52.8,169,2:17,3
36395,1,2016-02-20,S1,TISDALE,2016-02-21,538,11.4,52.9,169,2:13,3
39317,8,2016-03-05,S1,TISDALE,2016-03-06,2112,14.4,52.9,176,1:38,16
38970,9,2016-03-10,T1,TISDALE,2016-03-11,3,11,52.9,168,2:10,1
39467,18,2016-03-10,T3,TISDALE,2016-03-11,759,12.7,52.9,174,1:25,10
39054,30,2016-03-14,S1,TISDALE,2016-03-15,1800,11.4,52.9,171,1:52,1
36381,1,2016-02-20,S1,TISDALE,2016-02-21,538,11.4,53,171,2:28,1
39363,7,2016-03-05,S1,TISDALE,2016-03-06,1436,14.1,53,169,1:45,10
39426,5,2016-03-05,S1,TISDALE,2016-03-06,306,14.1,53.2,171,1:41,2
39378,6,2016-03-05,S1,TISDALE,2016-03-06,859,14.7,53.2,172,1:22,8
39312,8,2016-03-05,S1,TISDALE,2016-03-06,2112,14.4,53.2,169,1:45,16
39450,12,2016-03-10,T1,TISDALE,2016-03-11,13,11,53.2,170,1:31,4
36646,1,2016-02-20,S1,TISDALE,2016-02-21,538,11.4,53.3,167,N/T,2
38783,5,2016-03-05,S1,TISDALE,2016-03-06,301,14.1,53.3,173,2:38,1
39367,7,2016-03-05,S1,TISDALE,2016-03-06,1436,14.1,53.4,169,1:42,10
39117,53,2016-03-16,S1,TISDALE,2016-03-18,959,12.2,53.4,174,1:40,3
39352,7,2016-03-05,S1,TISDALE,2016-03-06,1441,14.1,53.5,171,1:51,12
36366,3,2016-02-20,S1,TISDALE,2016-02-21,1655,13,53.6,172,1:50,9
38785,5,2016-03-05,S1,TISDALE,2016-03-06,301,14.1,53.6,171,2:03,1
39097,53,2016-03-16,S1,TISDALE,2016-03-18,959,12.2,53.6,197,2:07,3
39112,53,2016-03-16,S1,TISDALE,2016-03-18,959,12.2,53.6,173,1:29,3
36589,2,2016-02-20,S1,TISDALE,2016-02-21,1049,11.4,53.7,172,1:36,8
39492,12,2016-03-10,T1,TISDALE,2016-03-11,13,11,53.7,175,2:39,4
39287,20,2016-03-10,T3,TISDALE,2016-03-11,803,12.7,53.7,170,1:59,12
39504,15,2016-03-10,T2,TISDALE,2016-03-11,409,11,53.9,170,1:50,7
38946,17,2016-03-10,T3,TISDALE,2016-03-11,755,12.7,53.9,174,1:32,9
36741,2,2016-02-20,S1,TISDALE,2016-02-21,1043,11.4,54,169,1:27,6
36464,4,2016-02-20,S1,TISDALE,2016-02-21,2308,13,54.1,174,1:38,15
39429,5,2016-03-05,S1,TISDALE,2016-03-06,306,14.1,54.1,171,1:34,2
39061,32,2016-03-14,S1,TISDALE,2016-03-16,1000,11.4,54.1,171,2:02,3
39613,52,2016-03-16,S1,TISDALE,2016-03-18,200,12.2,54.1,167,1:25,1
39111,51,2016-03-16,S1,TISDALE,2016-03-17,1800,12.2,54.2,172,1:36,2
38928,9,2016-03-10,T1,TISDALE,2016-03-11,3,11,54.3,168,2:04,1
39012,30,2016-03-14,S1,TISDALE,2016-03-15,1800,14.4,54.3,171,1:33,1
39060,32,2016-03-14,S1,TISDALE,2016-03-16,1000,11.4,54.3,173,2:02,3
36401,3,2016-02-20,S1,TISDALE,2016-02-21,1655,13,54.4,167,1:48,9
36532,3,2016-02-20,S1,TISDALE,2016-02-21,1706,13,54.4,167,1:27,12
36409,3,2016-02-20,S1,TISDALE,2016-02-21,1655,13,54.5,173,1:38,9
38861,7,2016-03-05,S1,TISDALE,2016-03-06,1433,14.1,54.5,171,2:18,9
39595,52,2016-03-16,S1,TISDALE,2016-03-18,200,12.2,54.5,174,1:53,1
36518,3,2016-02-20,S1,TISDALE,2016-02-21,1658,13,54.6,169,1:51,10
38968,9,2016-03-10,T1,TISDALE,2016-03-11,3,11,54.6,169,2:33,1
39025,32,2016-03-14,S1,TISDALE,2016-03-16,1000,11.4,54.6,169,1:37,3
36671,2,2016-02-20,S1,TISDALE,2016-02-21,1049,11.4,54.7,173,1:19,8
36657,4,2016-02-20,S1,TISDALE,2016-02-21,2311,13,54.7,173,1:44,16
39401,6,2016-03-05,S1,TISDALE,2016-03-06,850,14.7,54.7,169,2:06,6
39343,7,2016-03-05,S1,TISDALE,2016-03-06,1441,14.1,54.7,173,N/T,12
39348,7,2016-03-05,S1,TISDALE,2016-03-06,1441,14.1,54.7,173,1:34,12
39019,32,2016-03-14,S1,TISDALE,2016-03-16,1000,11.4,54.7,174,1:22,3
38879,7,2016-03-05,S1,TISDALE,2016-03-06,1439,14.1,54.8,171,2:08,11
36359,1,2016-02-20,S1,TISDALE,2016-02-21,538,11.4,54.9,168,1:42,3
39857,19,2016-03-10,T3,TISDALE,2016-03-11,802,12.7,54.9,173,1:54,11
39484,10,2016-03-10,T1,TISDALE,2016-03-11,7,11,55,168,2:00,2
38823,5,2016-03-05,S1,TISDALE,2016-03-06,311,14.1,55.1,175,1:27,3
38865,7,2016-03-05,S1,TISDALE,2016-03-06,1433,14.1,55.1,173,1:30,9
39452,12,2016-03-10,T1,TISDALE,2016-03-11,13,11,55.1,174,1:20,4
38914,8,2016-03-05,S1,TISDALE,2016-03-06,2108,14.4,55.4,175,1:52,15
39379,6,2016-03-05,S1,TISDALE,2016-03-06,859,14.7,55.5,175,1:41,8
38972,9,2016-03-10,T1,TISDALE,2016-03-11,3,11,55.5,171,2:25,1
39065,32,2016-03-14,S1,TISDALE,2016-03-16,1000,11.4,55.6,173,1:55,3
38793,5,2016-03-05,S1,TISDALE,2016-03-06,301,14.1,55.7,169,1:51,1
38910,8,2016-03-05,S1,TISDALE,2016-03-06,2108,14.4,55.8,169,2:37,15
38841,6,2016-03-05,S1,TISDALE,2016-03-06,846,14.7,56,170,1:24,5
39446,17,2016-03-10,T3,TISDALE,2016-03-11,755,12.7,56,172,1:27,9
38817,5,2016-03-05,S1,TISDALE,2016-03-06,311,14.1,56.3,173,2:19,3
39376,6,2016-03-05,S1,TISDALE,2016-03-06,859,14.7,56.3,173,1:30,8
38929,9,2016-03-10,T1,TISDALE,2016-03-11,3,11,56.5,173,1:35,1
38818,5,2016-03-05,S1,TISDALE,2016-03-06,311,14.1,56.6,174,1:18,3
39087,51,2016-03-16,S1,TISDALE,2016-03-17,1800,12.2,56.6,174,2:02,2
36735,2,2016-02-20,S1,TISDALE,2016-02-21,1049,11.4,56.7,175,1:45,8
38855,6,2016-03-05,S1,TISDALE,2016-03-06,855,14.7,56.7,171,1:28,7
39380,6,2016-03-05,S1,TISDALE,2016-03-06,859,14.7,56.9,176,1:24,8
39574,31,2016-03-14,S1,TISDALE,2016-03-16,159,11.4,57,177,2:13,2
36456,4,2016-02-20,S1,TISDALE,2016-02-21,2308,13,57.3,178,1:54,15
36627,53,2016-03-16,S1,TISDALE,2016-03-18,959,12.2,57.4,181,1:57,3
36405,13,2016-03-10,T2,TISDALE,2016-03-11,402,11,57.5,175,1:29,5
36639,1,2016-02-20,S1,TISDALE,2016-02-21,538,11.4,57.8,173,1:57,4
36611,3,2016-02-20,S1,TISDALE,2016-02-21,1706,13,57.9,175,2:01,12
39358,7,2016-03-05,S1,TISDALE,2016-03-06,1441,14.1,57.9,176,2:01,12
36355,1,2016-02-20,S1,TISDALE,2016-02-21,538,11.4,58.1,177,2:07,3
36448,2,2016-02-20,S1,TISDALE,2016-02-21,1039,11.4,58.1,174,1:44,5
38836,6,2016-03-05,S1,TISDALE,2016-03-06,846,14.7,58.1,173,1:23,5
39493,12,2016-03-10,T1,TISDALE,2016-03-11,13,11,58.1,173,1:42,4
39020,32,2016-03-14,S1,TISDALE,2016-03-16,1000,11.4,58.1,180,1:45,3
39416,5,2016-03-05,S1,TISDALE,2016-03-06,314,14.1,58.2,177,2:07,4
39461,16,2016-03-10,T2,TISDALE,2016-03-11,411,11,58.4,175,1:11,8
36361,1,2016-02-20,S1,TISDALE,2016-02-21,538,11.4,58.5,175,1:29,3
39328,8,2016-03-05,S1,TISDALE,2016-03-06,2105,14.4,58.6,177,1:38,14
36598,3,2016-02-20,S1,TISDALE,2016-02-21,1658,13,59,176,2:06,10
38872,7,2016-03-05,S1,TISDALE,2016-03-06,1433,14.1,59,181,1:29,9
36406,15,2016-03-10,T2,TISDALE,2016-03-11,409,11,59,175,1:22,7
39353,7,2016-03-05,S1,TISDALE,2016-03-06,1441,14.1,59.1,173,1:50,12
39326,8,2016-03-05,S1,TISDALE,2016-03-06,2112,14.4,59.1,181,2:06,16
38992,17,2016-03-10,T3,TISDALE,2016-03-11,755,12.7,59.1,176,1:53,9
36533,16,2016-03-10,T2,TISDALE,2016-03-11,411,11,59.3,174,1:58,8
38864,7,2016-03-05,S1,TISDALE,2016-03-06,1433,14.1,59.4,179,1:58,9
38834,6,2016-03-05,S1,TISDALE,2016-03-06,846,14.7,59.5,192,2:13,5
38870,7,2016-03-05,S1,TISDALE,2016-03-06,1433,14.1,59.6,179,1:36,9
38844,6,2016-03-05,S1,TISDALE,2016-03-06,855,14.7,59.7,177,2:21,7
39388,6,2016-03-05,S1,TISDALE,2016-03-06,859,14.7,59.8,175,2:07,8
36351,3,2016-02-20,S1,TISDALE,2016-02-21,1706,13,60,175,1:44,12
38967,9,2016-03-10,T1,TISDALE,2016-03-11,3,11,60,179,2:48,1
38796,5,2016-03-05,S1,TISDALE,2016-03-06,311,14.1,60.2,181,2:02,3
39487,10,2016-03-10,T1,TISDALE,2016-03-11,7,11,60.2,179,1:50,2
38850,6,2016-03-05,S1,TISDALE,2016-03-06,855,14.7,60.4,178,2:19,7
38790,5,2016-03-05,S1,TISDALE,2016-03-06,301,14.1,60.5,175,2:12,1
39476,20,2016-03-10,T3,TISDALE,2016-03-11,803,12.7,60.5,179,1:28,12
38874,7,2016-03-05,S1,TISDALE,2016-03-06,1439,14.1,60.6,178,1:54,11
36407,3,2016-02-20,S1,TISDALE,2016-02-21,1655,13,60.8,179,N/T,9
39314,8,2016-03-05,S1,TISDALE,2016-03-06,2112,14.4,61,177,1:23,16
38990,17,2016-03-10,T3,TISDALE,2016-03-11,755,12.7,61.2,176,1:59,9
39371,7,2016-03-05,S1,TISDALE,2016-03-06,1436,14.1,61.3,176,2:18,10
39439,5,2016-03-05,S1,TISDALE,2016-03-06,306,14.1,61.5,177,1:55,2
38951,19,2016-03-10,T3,TISDALE,2016-03-11,802,12.7,61.6,173,1:22,11
36467,4,2016-02-20,S1,TISDALE,2016-02-21,2301,13,61.7,180,1:37,13
38988,16,2016-03-10,T2,TISDALE,2016-03-11,411,11,61.7,175,2:02,8
36506,1,2016-02-20,S1,TISDALE,2016-02-21,538,11.4,62.2,177,1:26,4
39421,5,2016-03-05,S1,TISDALE,2016-03-06,314,14.1,62.2,181,1:38,4
39366,7,2016-03-05,S1,TISDALE,2016-03-06,1436,14.1,62.2,183,1:33,10
38930,12,2016-03-10,T1,TISDALE,2016-03-11,13,11,62.2,178,1:22,4
36494,1,2016-02-20,S1,TISDALE,2016-02-21,538,11.4,62.3,182,2:50,2
36504,1,2016-02-20,S1,TISDALE,2016-02-21,538,11.4,62.4,176,1:41,4
39338,8,2016-03-05,S1,TISDALE,2016-03-06,2105,14.4,62.6,183,2:15,14
39340,8,2016-03-05,S1,TISDALE,2016-03-06,2105,14.4,62.8,177,2:00,14
38950,19,2016-03-10,T3,TISDALE,2016-03-11,802,12.7,62.8,180,1:21,11
38835,6,2016-03-05,S1,TISDALE,2016-03-06,846,14.7,63,174,2:10,5
38854,6,2016-03-05,S1,TISDALE,2016-03-06,855,14.7,63,182,1:29,7
36429,4,2016-02-20,S1,TISDALE,2016-02-21,2301,13,63.2,173,2:04,13
36485,2,2016-02-20,S1,TISDALE,2016-02-21,1039,11.4,63.6,180,1:39,5
36471,4,2016-02-20,S1,TISDALE,2016-02-21,2301,13,63.7,180,1:37,13
39423,5,2016-03-05,S1,TISDALE,2016-03-06,314,14.1,63.9,189,1:56,4
39490,14,2016-03-10,T2,TISDALE,2016-03-11,405,11,64,181,1:51,6
39058,30,2016-03-14,S1,TISDALE,2016-03-15,1800,11.4,64,179,1:55,1
38833,6,2016-03-05,S1,TISDALE,2016-03-06,846,14.7,64.2,173,2:05,5
39530,31,2016-03-14,S1,TISDALE,2016-03-16,159,11.4,64.3,184,1:22,2
36641,1,2016-02-20,S1,TISDALE,2016-02-21,538,11.4,64.4,182,1:17,4
39095,53,2016-03-16,S1,TISDALE,2016-03-18,959,12.2,64.8,181,1:52,3
36508,1,2016-02-20,S1,TISDALE,2016-02-21,538,11.4,65,179,1:24,4
39432,5,2016-03-05,S1,TISDALE,2016-03-06,306,14.1,65.1,184,1:59,2
36523,12,2016-03-10,T1,TISDALE,2016-03-11,13,11,65.2,180,2:10,4
36616,4,2016-02-20,S1,TISDALE,2016-02-21,2311,13,65.4,177,1:41,16
36522,10,2016-03-10,T1,TISDALE,2016-03-11,7,11,65.6,181,2:34,2
38932,11,2016-03-10,T1,TISDALE,2016-03-11,9,11,65.6,180,N/T,3
39469,18,2016-03-10,T3,TISDALE,2016-03-11,759,12.7,65.6,186,1:33,10
38871,7,2016-03-05,S1,TISDALE,2016-03-06,1433,14.1,65.9,180,1:28,9
36583,2,2016-02-20,S1,TISDALE,2016-02-21,1043,11.4,66.1,182,2:10,6
36651,1,2016-02-20,S1,TISDALE,2016-02-21,538,11.4,66.5,186,3:13,2
36440,2,2016-02-20,S1,TISDALE,2016-02-21,1049,11.4,66.8,172,1:29,8
39460,14,2016-03-10,T2,TISDALE,2016-03-11,405,11,66.8,184,1:25,6
38931,11,2016-03-10,T1,TISDALE,2016-03-11,9,11,67,185,1:28,3
39499,13,2016-03-10,T2,TISDALE,2016-03-11,402,11,67.1,180,1:58,5
38945,15,2016-03-10,T2,TISDALE,2016-03-11,409,11,67.1,185,1:33,7
38853,6,2016-03-05,S1,TISDALE,2016-03-06,855,14.7,67.2,187,1:47,7
36483,2,2016-02-20,S1,TISDALE,2016-02-21,1039,11.4,67.3,178,1:30,5
39415,5,2016-03-05,S1,TISDALE,2016-03-06,314,14.1,67.4,164,2:07,4
39022,32,2016-03-14,S1,TISDALE,2016-03-16,1000,11.4,67.4,188,1:33,3
36535,30,2016-03-14,S1,TISDALE,2016-03-15,1800,11.4,67.5,183,2:15,1
39093,51,2016-03-16,S1,TISDALE,2016-03-17,1800,12.2,67.5,184,1:57,2
38940,13,2016-03-10,T2,TISDALE,2016-03-11,402,11,67.7,187,1:44,5
39381,6,2016-03-05,S1,TISDALE,2016-03-06,859,14.7,67.8,188,1:28,8
39288,20,2016-03-10,T3,TISDALE,2016-03-11,803,12.7,67.8,184,1:59,12
38843,6,2016-03-05,S1,TISDALE,2016-03-06,855,14.7,68,183,2:10,7
38973,11,2016-03-10,T1,TISDALE,2016-03-11,9,11,68.1,185,1:51,3
36590,2,2016-02-20,S1,TISDALE,2016-02-21,1046,11.4,68.6,185,2:09,7
36481,2,2016-02-20,S1,TISDALE,2016-02-21,1046,11.4,68.8,184,1:36,7
39399,6,2016-03-05,S1,TISDALE,2016-03-06,850,14.7,68.8,184,1:46,6
36515,3,2016-02-20,S1,TISDALE,2016-02-21,1658,13,68.9,179,1:40,10
39573,31,2016-03-14,S1,TISDALE,2016-03-16,159,11.4,68.9,191,2:11,2
39285,20,2016-03-10,T3,TISDALE,2016-03-11,803,12.7,69,183,2:01,12
36486,2,2016-02-20,S1,TISDALE,2016-02-21,1039,11.4,69.1,180,1:39,5
36514,3,2016-02-20,S1,TISDALE,2016-02-21,1658,13,69.1,183,1:36,10
38839,6,2016-03-05,S1,TISDALE,2016-03-06,846,14.7,69.4,188,1:14,5
39410,5,2016-03-05,S1,TISDALE,2016-03-06,314,14.1,69.5,182,1:22,4
39404,6,2016-03-05,S1,TISDALE,2016-03-06,850,14.7,69.6,182,2:00,6
39325,8,2016-03-05,S1,TISDALE,2016-03-06,2112,14.4,69.6,184,2:10,16
39424,5,2016-03-05,S1,TISDALE,2016-03-06,306,14.1,69.8,180,1:55,2
38840,6,2016-03-05,S1,TISDALE,2016-03-06,846,14.7,69.8,183,1:32,5
39391,6,2016-03-05,S1,TISDALE,2016-03-06,850,14.7,69.8,189,1:35,6
36432,4,2016-02-20,S1,TISDALE,2016-02-21,2301,13,69.9,187,2:41,13
38979,16,2016-03-10,T2,TISDALE,2016-03-11,411,11,70.4,187,2:10,8
39292,20,2016-03-10,T3,TISDALE,2016-03-11,803,12.7,70.4,186,1:33,12
39114,53,2016-03-16,S1,TISDALE,2016-03-18,959,12.2,70.8,192,1:21,3
38856,6,2016-03-05,S1,TISDALE,2016-03-06,855,14.7,70.9,192,1:28,7
38882,7,2016-03-05,S1,TISDALE,2016-03-06,1439,14.1,70.9,192,1:18,11
39014,30,2016-03-14,S1,TISDALE,2016-03-15,1800,14.4,71.1,190,1:50,1
39021,32,2016-03-14,S1,TISDALE,2016-03-16,1000,11.4,71.1,192,1:37,3
39310,8,2016-03-05,S1,TISDALE,2016-03-06,2112,14.4,71.2,187,1:50,16
36621,4,2016-02-20,S1,TISDALE,2016-02-21,2311,13,71.4,188,1:40,16
39457,14,2016-03-10,T2,TISDALE,2016-03-11,405,11,71.6,186,1:17,6
39013,30,2016-03-14,S1,TISDALE,2016-03-15,1800,14.4,72,187,1:26,1
39500,13,2016-03-10,T2,TISDALE,2016-03-11,402,11,72.2,186,2:04,5
38985,14,2016-03-10,T2,TISDALE,2016-03-11,405,11,72.3,193,1:45,6
38846,6,2016-03-05,S1,TISDALE,2016-03-06,855,14.7,72.5,180,2:07,7
38981,14,2016-03-10,T2,TISDALE,2016-03-11,405,11,72.6,181,1:52,6
36510,51,2016-03-16,S1,TISDALE,2016-03-17,1800,12.2,72.7,187,1:37,2
36346,1,2016-02-20,S1,TISDALE,2016-02-21,538,11.4,73,193,1:58,1
36602,3,2016-02-20,S1,TISDALE,2016-02-21,1658,13,73.4,186,2:47,10
38891,8,2016-03-05,S1,TISDALE,2016-03-06,2100,14.4,73.4,186,1:55,13
38866,7,2016-03-05,S1,TISDALE,2016-03-06,1433,14.1,73.6,187,1:37,9
38863,7,2016-03-05,S1,TISDALE,2016-03-06,1433,14.1,74.1,193,2:22,9
39471,18,2016-03-10,T3,TISDALE,2016-03-11,759,12.7,74.1,188,1:32,10
38925,9,2016-03-10,T1,TISDALE,2016-03-11,3,11,74.2,182,1:43,1
39855,18,2016-03-10,T3,TISDALE,2016-03-11,759,12.7,74.3,191,1:59,10
36626,4,2016-02-20,S1,TISDALE,2016-02-21,2305,13,74.4,190,2:21,14
36393,1,2016-02-20,S1,TISDALE,2016-02-21,538,11.4,74.6,187,2:20,3
39427,5,2016-03-05,S1,TISDALE,2016-03-06,306,14.1,74.6,183,1:38,2
38797,5,2016-03-05,S1,TISDALE,2016-03-06,311,14.1,75,191,1:59,3
38888,7,2016-03-05,S1,TISDALE,2016-03-06,1439,14.1,75.1,192,1:47,11
39592,52,2016-03-16,S1,TISDALE,2016-03-18,200,12.2,75.2,190,2:08,1
36499,1,2016-02-20,S1,TISDALE,2016-02-21,538,11.4,75.3,189,1:48,2
38905,8,2016-03-05,S1,TISDALE,2016-03-06,2100,14.4,75.3,188,1:27,13
36344,1,2016-02-20,S1,TISDALE,2016-02-21,538,11.4,75.5,194,2:10,1
39406,6,2016-03-05,S1,TISDALE,2016-03-06,850,14.7,75.7,191,1:54,6
38883,7,2016-03-05,S1,TISDALE,2016-03-06,1439,14.1,76,190,2:07,11
36612,3,2016-02-20,S1,TISDALE,2016-02-21,1706,13,76.9,192,2:01,12
38837,6,2016-03-05,S1,TISDALE,2016-03-06,846,14.7,77.6,193,1:17,5
39289,20,2016-03-10,T3,TISDALE,2016-03-11,803,12.7,79.1,191,2:02,12
38954,19,2016-03-10,T3,TISDALE,2016-03-11,802,12.7,79.4,190,1:26,11
38838,6,2016-03-05,S1,TISDALE,2016-03-06,846,14.7,81,192,1:40,5
38831,6,2016-03-05,S1,TISDALE,2016-03-06,846,14.7,81.3,190,1:54,5
36526,3,2016-02-20,S1,TISDALE,2016-02-21,1706,13,81.6,195,1:44,12
36400,3,2016-02-20,S1,TISDALE,2016-02-21,1655,13,82,193,N/T,9
38789,5,2016-03-05,S1,TISDALE,2016-03-06,301,14.1,82.1,199,1:55,1
39369,7,2016-03-05,S1,TISDALE,2016-03-06,1436,14.1,82.1,197,1:49,10
39382,6,2016-03-05,S1,TISDALE,2016-03-06,859,14.7,83.4,200,1:29,8
38907,8,2016-03-05,S1,TISDALE,2016-03-06,2100,14.4,83.4,197,1:21,13
39402,6,2016-03-05,S1,TISDALE,2016-03-06,850,14.7,83.7,199,2:11,6
38941,15,2016-03-10,T2,TISDALE,2016-03-11,409,11,83.8,197,1:27,7
38920,8,2016-03-05,S1,TISDALE,2016-03-06,2108,14.4,84.1,197,2:22,15
39063,32,2016-03-14,S1,TISDALE,2016-03-16,1000,11.4,84.3,198,1:59,3
39594,52,2016-03-16,S1,TISDALE,2016-03-18,200,12.2,84.6,197,2:04,1
39491,12,2016-03-10,T1,TISDALE,2016-03-11,13,11,84.7,191,2:07,4
38799,5,2016-03-05,S1,TISDALE,2016-03-06,311,14.1,84.8,197,2:00,3
36466,4,2016-02-20,S1,TISDALE,2016-02-21,2301,13,85,199,1:50,13
36663,4,2016-02-20,S1,TISDALE,2016-02-21,2305,13,85,198,1:40,14
38953,19,2016-03-10,T3,TISDALE,2016-03-11,802,12.7,85.2,202,1:34,11
39409,5,2016-03-05,S1,TISDALE,2016-03-06,314,14.1,85.3,197,1:21,4
39385,6,2016-03-05,S1,TISDALE,2016-03-06,859,14.7,85.5,201,2:30,8
38949,17,2016-03-10,T3,TISDALE,2016-03-11,755,12.7,85.5,201,1:31,9
36497,1,2016-02-20,S1,TISDALE,2016-02-21,538,11.4,85.8,194,1:47,2
39345,7,2016-03-05,S1,TISDALE,2016-03-06,1441,14.1,86.3,200,1:36,12
38898,8,2016-03-05,S1,TISDALE,2016-03-06,2100,14.4,86.8,201,1:51,13
38798,5,2016-03-05,S1,TISDALE,2016-03-06,311,14.1,87,200,1:56,3
39598,52,2016-03-16,S1,TISDALE,2016-03-18,200,12.2,87.3,199,2:02,1
39616,52,2016-03-16,S1,TISDALE,2016-03-18,200,12.2,87.3,203,1:22,1
36503,1,2016-02-20,S1,TISDALE,2016-02-21,538,11.4,87.4,197,1:40,2
39428,5,2016-03-05,S1,TISDALE,2016-03-06,306,14.1,87.6,198,1:39,2
36420,3,2016-02-20,S1,TISDALE,2016-02-21,1702,13,87.7,197,2:37,11
38869,7,2016-03-05,S1,TISDALE,2016-03-06,1433,14.1,88.1,203,1:25,9
39506,16,2016-03-10,T2,TISDALE,2016-03-11,411,11,88.2,206,2:11,8
39320,8,2016-03-05,S1,TISDALE,2016-03-06,2112,14.4,88.3,205,1:49,16
36412,3,2016-02-20,S1,TISDALE,2016-02-21,1655,13,90.3,204,1:45,9
36653,4,2016-02-20,S1,TISDALE,2016-02-21,2311,13,91.1,204,1:42,16
39359,7,2016-03-05,S1,TISDALE,2016-03-06,1441,14.1,91.3,199,1:52,12
39337,8,2016-03-05,S1,TISDALE,2016-03-06,2105,14.4,91.6,203,1:58,14
39496,13,2016-03-10,T2,TISDALE,2016-03-11,402,11,92.4,201,2:01,5
39859,19,2016-03-10,T3,TISDALE,2016-03-11,802,12.7,93.3,203,2:13,11
36482,2,2016-02-20,S1,TISDALE,2016-02-21,1046,11.4,93.4,204,1:38,7
39434,5,2016-03-05,S1,TISDALE,2016-03-06,306,14.1,94,197,2:20,2
38794,5,2016-03-05,S1,TISDALE,2016-03-06,301,14.1,95,205,1:44,1
36625,51,2016-03-16,S1,TISDALE,2016-03-17,1800,12.2,96.7,196,1:51,2
36736,2,2016-02-20,S1,TISDALE,2016-02-21,1043,11.4,99,206,NA,6
39526,31,2016-03-14,S1,TISDALE,2016-03-16,159,11.4,99.8,207,2:06,2
39453,12,2016-03-10,T1,TISDALE,2016-03-11,13,11,101.3,208,1:31,4
36648,1,2016-02-20,S1,TISDALE,2016-02-21,538,11.4,105.9,211,2:25,2
39531,31,2016-03-14,S1,TISDALE,2016-03-16,159,11.4,116.8,218,1:45,2
