"","id","TagDate","RelSite","RelLoc","RelDate","RelTime","wtempC","weight","FL","AirTime","CanID","RelEv"
"1",36186,"2016-02-20","S1","TISDALE","2016-02-21","538",11.4,48,163,"2:31",1,1
"2",36341,"2016-02-20","S1","TISDALE","2016-02-21","538",11.4,46.8,162,"2:35",1,1
"3",36342,"2016-02-20","S1","TISDALE","2016-02-21","538",11.4,27.2,139,"2:29",1,1
"4",36344,"2016-02-20","S1","TISDALE","2016-02-21","538",11.4,75.5,194,"2:10",1,1
"5",36345,"2016-02-20","S1","TISDALE","2016-02-21","538",11.4,34.8,152,"1:47",1,1
"6",36346,"2016-02-20","S1","TISDALE","2016-02-21","538",11.4,73,193,"1:58",1,1
"7",36347,"2016-02-20","S1","TISDALE","2016-02-21","538",11.4,43.7,159,"1:58",1,1
"8",36351,"2016-02-20","S1","TISDALE","2016-02-21","1706",13,60,175,"1:44",12,1
"9",36352,"2016-02-20","S1","TISDALE","2016-02-21","538",11.4,50.4,166,"1:36",3,1
"10",36353,"2016-02-20","S1","TISDALE","2016-02-21","1039",11.4,37.1,153,"",5,1
"11",36354,"2016-02-20","S1","TISDALE","2016-02-21","538",11.4,34.7,151,"1:32",3,1
"12",36355,"2016-02-20","S1","TISDALE","2016-02-21","538",11.4,58.1,177,"2:07",3,1
"13",36358,"2016-02-20","S1","TISDALE","2016-02-21","538",11.4,39.5,153,"1:31",3,1
"14",36359,"2016-02-20","S1","TISDALE","2016-02-21","538",11.4,54.9,168,"1:42",3,1
"15",36360,"2016-02-20","S1","TISDALE","2016-02-21","538",11.4,24.3,132,"1:47",3,1
"16",36361,"2016-02-20","S1","TISDALE","2016-02-21","538",11.4,58.5,175,"1:29",3,1
"17",36362,"2016-02-20","S1","TISDALE","2016-02-21","1655",13,35.4,150,"1:40",9,1
"18",36364,"2016-02-20","S1","TISDALE","2016-02-21","1655",13,50.7,166,"1:40",9,1
"19",36366,"2016-02-20","S1","TISDALE","2016-02-21","1655",13,53.6,172,"1:50",9,1
"20",36367,"2016-02-20","S1","TISDALE","2016-02-21","1655",13,35.8,148,"1:33",9,1
"21",36368,"2016-02-20","S1","TISDALE","2016-02-21","1655",13,46,166,"N/T",9,1
"22",36369,"2016-02-20","S1","TISDALE","2016-02-21","1655",13,38.4,152,"1:40",9,1
"23",36370,"2016-02-20","S1","TISDALE","2016-02-21","1655",13,32.8,145,"1:39",9,1
"24",36371,"2016-02-20","S1","TISDALE","2016-02-21","1702",13,40,155,"1:41",11,1
"25",36372,"2016-02-20","S1","TISDALE","2016-02-21","1702",13,49.6,167,"1:42",11,1
"26",36374,"2016-02-20","S1","TISDALE","2016-02-21","1702",13,34.9,150,"1:41",11,1
"27",36376,"2016-02-20","S1","TISDALE","2016-02-21","1702",13,42.1,160,"1:32",11,1
"28",36377,"2016-02-20","S1","TISDALE","2016-02-21","1702",13,34.1,147,"1:41",11,1
"29",36379,"2016-02-20","S1","TISDALE","2016-02-21","1702",13,27.8,138,"1:50",11,1
"30",36380,"2016-02-20","S1","TISDALE","2016-02-21","1702",13,25.9,133,"1:34",11,1
"31",36381,"2016-02-20","S1","TISDALE","2016-02-21","538",11.4,53,171,"2:28",1,1
"32",36382,"2016-02-20","S1","TISDALE","2016-02-21","538",11.4,27.6,133,"2:04",1,1
"33",36383,"2016-02-20","S1","TISDALE","2016-02-21","538",11.4,39.9,159,"3:08",1,1
"34",36384,"2016-02-20","S1","TISDALE","2016-02-21","538",11.4,44.3,160,"3:01",1,1
"35",36385,"2016-02-20","S1","TISDALE","2016-02-21","538",11.4,33.8,145,"2:28",1,1
"36",36387,"2016-02-20","S1","TISDALE","2016-02-21","538",11.4,49.7,169,"3:01",1,1
"37",36388,"2016-02-20","S1","TISDALE","2016-02-21","538",11.4,48.1,165,"2:45",1,1
"38",36389,"2016-02-20","S1","TISDALE","2016-02-21","538",11.4,17.4,117,"N/T",1,1
"39",36390,"2016-02-20","S1","TISDALE","2016-02-21","538",11.4,39.3,153,"2:06",3,1
"40",36391,"2016-02-20","S1","TISDALE","2016-02-21","538",11.4,39,158,"2:09",3,1
"41",36392,"2016-02-20","S1","TISDALE","2016-02-21","538",11.4,25.3,134,"1:45",3,1
"42",36393,"2016-02-20","S1","TISDALE","2016-02-21","538",11.4,74.6,187,"2:20",3,1
"43",36394,"2016-02-20","S1","TISDALE","2016-02-21","538",11.4,23.9,133,"2:12",3,1
"44",36395,"2016-02-20","S1","TISDALE","2016-02-21","538",11.4,52.9,169,"2:13",3,1
"45",36396,"2016-02-20","S1","TISDALE","2016-02-21","538",11.4,46.4,165,"1:52",3,1
"46",36397,"2016-02-20","S1","TISDALE","2016-02-21","538",11.4,34.8,151,"2:10",3,1
"47",36398,"2016-02-20","S1","TISDALE","2016-02-21","1655",13,48.8,166,"N/T",9,1
"48",36400,"2016-02-20","S1","TISDALE","2016-02-21","1655",13,82,193,"N/T",9,1
"49",36401,"2016-02-20","S1","TISDALE","2016-02-21","1655",13,54.4,167,"1:48",9,1
"50",36403,"2016-03-05","S1","TISDALE","2016-03-06","1439",14.1,51.6,174,"1:38",11,2
"51",36405,"2016-03-10","T2","TISDALE","2016-03-11","402",11,57.5,175,"1:29",5,3
"52",36406,"2016-03-10","T2","TISDALE","2016-03-11","409",11,59,175,"1:22",7,3
"53",36407,"2016-02-20","S1","TISDALE","2016-02-21","1655",13,60.8,179,"N/T",9,1
"54",36408,"2016-03-10","T3","TISDALE","2016-03-11","755",12.7,20.9,125,"1:55",9,3
"55",36409,"2016-02-20","S1","TISDALE","2016-02-21","1655",13,54.5,173,"1:38",9,1
"56",36410,"2016-02-20","S1","TISDALE","2016-02-21","1655",13,22.7,131,"1:45",9,1
"57",36411,"2016-02-20","S1","TISDALE","2016-02-21","1655",13,47,164,"N/T",9,1
"58",36412,"2016-02-20","S1","TISDALE","2016-02-21","1655",13,90.3,204,"1:45",9,1
"59",36413,"2016-02-20","S1","TISDALE","2016-02-21","1702",13,30.6,138,"1:56",11,1
"60",36416,"2016-02-20","S1","TISDALE","2016-02-21","1702",13,40.7,159,"2:02",11,1
"61",36419,"2016-02-20","S1","TISDALE","2016-02-21","1702",13,45.2,161,"2:12",11,1
"62",36420,"2016-02-20","S1","TISDALE","2016-02-21","1702",13,87.7,197,"2:37",11,1
"63",36421,"2016-02-20","S1","TISDALE","2016-02-21","1702",13,45.4,161,"2:20",11,1
"64",36422,"2016-02-20","S1","TISDALE","2016-02-21","1702",13,52.3,167,"2:27",11,1
"65",36423,"2016-02-20","S1","TISDALE","2016-02-21","1702",13,35.6,150,"2:03",11,1
"66",36424,"2016-02-20","S1","TISDALE","2016-02-21","1702",13,22.6,132,"1:58",11,1
"67",36425,"2016-02-20","S1","TISDALE","2016-02-21","2301",13,28.2,131,"2:01",13,1
"68",36426,"2016-02-20","S1","TISDALE","2016-02-21","2301",13,43.3,163,"1:42",13,1
"69",36427,"2016-02-20","S1","TISDALE","2016-02-21","2301",13,39.2,139,"1:52",13,1
"70",36428,"2016-02-20","S1","TISDALE","2016-02-21","2301",13,35.2,145,"1:46",13,1
"71",36429,"2016-02-20","S1","TISDALE","2016-02-21","2301",13,63.2,173,"2:04",13,1
"72",36431,"2016-02-20","S1","TISDALE","2016-02-21","2301",13,34.2,139,"2:11",13,1
"73",36432,"2016-02-20","S1","TISDALE","2016-02-21","2301",13,69.9,187,"2:41",13,1
"74",36433,"2016-02-20","S1","TISDALE","2016-02-21","2308",13,44.6,163,"2:33",15,1
"75",36434,"2016-02-20","S1","TISDALE","2016-02-21","2308",13,18.1,118,"2:17",15,1
"76",36435,"2016-02-20","S1","TISDALE","2016-02-21","2308",13,36,153,"1:58",15,1
"77",36436,"2016-02-20","S1","TISDALE","2016-02-21","2308",13,32.3,144,"1:50",15,1
"78",36437,"2016-02-20","S1","TISDALE","2016-02-21","2308",13,37.2,154,"1:38",15,1
"79",36438,"2016-02-20","S1","TISDALE","2016-02-21","2308",13,28.3,134,"",15,1
"80",36439,"2016-02-20","S1","TISDALE","2016-02-21","1049",11.4,13.5,108,"2:34",8,1
"81",36440,"2016-02-20","S1","TISDALE","2016-02-21","1049",11.4,66.8,172,"1:29",8,1
"82",36441,"2016-02-20","S1","TISDALE","2016-02-21","1049",11.4,26.7,136,"2:11",8,1
"83",36442,"2016-02-20","S1","TISDALE","2016-02-21","1046",11.4,36.4,133,"1:38",7,1
"84",36443,"2016-02-20","S1","TISDALE","2016-02-21","1049",11.4,38.7,157,"3:00",8,1
"85",36444,"2016-02-20","S1","TISDALE","2016-02-21","1049",11.4,36.8,151,"1:58",8,1
"86",36445,"2016-02-20","S1","TISDALE","2016-02-21","1049",11.4,41.8,157,"1:58",8,1
"87",36446,"2016-02-20","S1","TISDALE","2016-02-21","1049",11.4,42.4,157,"1:57",8,1
"88",36447,"2016-02-20","S1","TISDALE","2016-02-21","1039",11.4,37.7,153,"1:41",5,1
"89",36448,"2016-02-20","S1","TISDALE","2016-02-21","1039",11.4,58.1,174,"1:44",5,1
"90",36450,"2016-02-20","S1","TISDALE","2016-02-21","1039",11.4,20.3,124,"2:14",5,1
"91",36451,"2016-02-20","S1","TISDALE","2016-02-21","1039",11.4,34.9,135,"1:14",5,1
"92",36453,"2016-02-20","S1","TISDALE","2016-02-21","1039",11.4,37.5,152,"",5,1
"93",36454,"2016-02-20","S1","TISDALE","2016-02-21","1039",11.4,34.6,152,"2:14",5,1
"94",36456,"2016-02-20","S1","TISDALE","2016-02-21","2308",13,57.3,178,"1:54",15,1
"95",36457,"2016-02-20","S1","TISDALE","2016-02-21","2308",13,25.3,131,"1:59",15,1
"96",36458,"2016-02-20","S1","TISDALE","2016-02-21","2308",13,31.6,143,"1:53",15,1
"97",36459,"2016-02-20","S1","TISDALE","2016-02-21","2308",13,28.1,139,"1:48",15,1
"98",36460,"2016-02-20","S1","TISDALE","2016-02-21","2308",13,49.2,171,"1:47",15,1
"99",36461,"2016-03-10","T1","TISDALE","2016-03-11","9",11,14.3,111,"1:49",3,3
"100",36462,"2016-02-20","S1","TISDALE","2016-02-21","2308",13,40.6,155,"1:40",15,1
"101",36463,"2016-02-20","S1","TISDALE","2016-02-21","2308",13,23.6,133,"1:55",15,1
"102",36464,"2016-02-20","S1","TISDALE","2016-02-21","2308",13,54.1,174,"1:38",15,1
"103",36465,"2016-02-20","S1","TISDALE","2016-02-21","2301",13,32.2,148,"1:26",13,1
"104",36466,"2016-02-20","S1","TISDALE","2016-02-21","2301",13,85,199,"1:50",13,1
"105",36467,"2016-02-20","S1","TISDALE","2016-02-21","2301",13,61.7,180,"1:37",13,1
"106",36468,"2016-02-20","S1","TISDALE","2016-02-21","2301",13,41.1,160,"1:47",13,1
"107",36469,"2016-02-20","S1","TISDALE","2016-02-21","2301",13,43.7,159,"1:40",13,1
"108",36470,"2016-02-20","S1","TISDALE","2016-02-21","2301",13,18,120,"1:45",13,1
"109",36471,"2016-02-20","S1","TISDALE","2016-02-21","2301",13,63.7,180,"1:37",13,1
"110",36472,"2016-02-20","S1","TISDALE","2016-02-21","2301",13,33.2,145,"1:32",13,1
"111",36473,"2016-02-20","S1","TISDALE","2016-02-21","1046",11.4,50.7,172,"1:41",7,1
"112",36474,"2016-02-20","S1","TISDALE","2016-02-21","1046",11.4,34.5,148,"1:39",7,1
"113",36475,"2016-02-20","S1","TISDALE","2016-02-21","1046",11.4,31.4,144,"1:36",7,1
"114",36476,"2016-02-20","S1","TISDALE","2016-02-21","1046",11.4,21,123,"1:48",7,1
"115",36478,"2016-02-20","S1","TISDALE","2016-02-21","1046",11.4,39.4,155,"1:48",7,1
"116",36479,"2016-03-14","S1","TISDALE","2016-03-16","159",11.4,36.8,152,"1:22",2,4
"117",36480,"2016-02-20","S1","TISDALE","2016-02-21","1046",11.4,27.4,140,"1:39",7,1
"118",36481,"2016-02-20","S1","TISDALE","2016-02-21","1046",11.4,68.8,184,"1:36",7,1
"119",36482,"2016-02-20","S1","TISDALE","2016-02-21","1046",11.4,93.4,204,"1:38",7,1
"120",36483,"2016-02-20","S1","TISDALE","2016-02-21","1039",11.4,67.3,178,"1:30",5,1
"121",36484,"2016-02-20","S1","TISDALE","2016-02-21","1039",11.4,21.9,128,"1:44",5,1
"122",36485,"2016-02-20","S1","TISDALE","2016-02-21","1039",11.4,63.6,180,"1:39",5,1
"123",36486,"2016-02-20","S1","TISDALE","2016-02-21","1039",11.4,69.1,180,"1:39",5,1
"124",36487,"2016-02-20","S1","TISDALE","2016-02-21","1039",11.4,35.1,149,"1:37",5,1
"125",36488,"2016-02-20","S1","TISDALE","2016-02-21","1039",11.4,32.1,144,"1:26",5,1
"126",36491,"2016-02-20","S1","TISDALE","2016-02-21","1039",11.4,45,158,"1:24",5,1
"127",36492,"2016-02-20","S1","TISDALE","2016-02-21","1039",11.4,42.2,155,"1:49",5,1
"128",36494,"2016-02-20","S1","TISDALE","2016-02-21","538",11.4,62.3,182,"2:50",2,1
"129",36495,"2016-02-20","S1","TISDALE","2016-02-21","538",11.4,40.8,153,"1:47",2,1
"130",36497,"2016-02-20","S1","TISDALE","2016-02-21","538",11.4,85.8,194,"1:47",2,1
"131",36498,"2016-02-20","S1","TISDALE","2016-02-21","538",11.4,29.8,139,"1:47",2,1
"132",36499,"2016-02-20","S1","TISDALE","2016-02-21","538",11.4,75.3,189,"1:48",2,1
"133",36501,"2016-02-20","S1","TISDALE","2016-02-21","538",11.4,51.7,168,"1:50",2,1
"134",36502,"2016-02-20","S1","TISDALE","2016-02-21","538",11.4,46.7,168,"1:47",2,1
"135",36503,"2016-02-20","S1","TISDALE","2016-02-21","538",11.4,87.4,197,"1:40",2,1
"136",36504,"2016-02-20","S1","TISDALE","2016-02-21","538",11.4,62.4,176,"1:41",4,1
"137",36505,"2016-02-20","S1","TISDALE","2016-02-21","538",11.4,25.6,135,"1:27",4,1
"138",36506,"2016-02-20","S1","TISDALE","2016-02-21","538",11.4,62.2,177,"1:26",4,1
"139",36507,"2016-02-20","S1","TISDALE","2016-02-21","538",11.4,32.8,147,"1:25",4,1
"140",36508,"2016-02-20","S1","TISDALE","2016-02-21","538",11.4,65,179,"1:24",4,1
"141",36509,"2016-02-20","S1","TISDALE","2016-02-21","538",11.4,25.2,132,"1:33",4,1
"142",36510,"2016-03-16","S1","TISDALE","2016-03-17","1800",12.2,72.7,187,"1:37",2,5
"143",36511,"2016-02-20","S1","TISDALE","2016-02-21","538",11.4,49,162,"1:49",4,1
"144",36513,"2016-02-20","S1","TISDALE","2016-02-21","538",11.4,39.1,150,"1:31",4,1
"145",36514,"2016-02-20","S1","TISDALE","2016-02-21","1658",13,69.1,183,"1:36",10,1
"146",36515,"2016-02-20","S1","TISDALE","2016-02-21","1658",13,68.9,179,"1:40",10,1
"147",36516,"2016-02-20","S1","TISDALE","2016-02-21","1658",13,38.7,153,"1:44",10,1
"148",36517,"2016-02-20","S1","TISDALE","2016-02-21","1658",13,44.8,160,"1:51",10,1
"149",36518,"2016-02-20","S1","TISDALE","2016-02-21","1658",13,54.6,169,"1:51",10,1
"150",36519,"2016-02-20","S1","TISDALE","2016-02-21","1658",13,18.5,119,"2:06",10,1
"151",36520,"2016-02-20","S1","TISDALE","2016-02-21","1658",13,41,155,"1:53",10,1
"152",36521,"2016-02-20","S1","TISDALE","2016-02-21","1658",13,29.4,138,"1:37",10,1
"153",36522,"2016-03-10","T1","TISDALE","2016-03-11","7",11,65.6,181,"2:34",2,3
"154",36523,"2016-03-10","T1","TISDALE","2016-03-11","13",11,65.2,180,"2:10",4,3
"155",36525,"2016-02-20","S1","TISDALE","2016-02-21","1706",13,38.3,150,"1:35",12,1
"156",36526,"2016-02-20","S1","TISDALE","2016-02-21","1706",13,81.6,195,"1:44",12,1
"157",36528,"2016-02-20","S1","TISDALE","2016-02-21","1706",13,45.7,168,"2:28",12,1
"158",36529,"2016-03-10","T2","TISDALE","2016-03-11","402",11,43,156,"1:58",5,3
"159",36531,"2016-02-20","S1","TISDALE","2016-02-21","1706",13,38.7,152,"1:26",12,1
"160",36532,"2016-02-20","S1","TISDALE","2016-02-21","1706",13,54.4,167,"1:27",12,1
"161",36533,"2016-03-10","T2","TISDALE","2016-03-11","411",11,59.3,174,"1:58",8,3
"162",36534,"2016-02-20","S1","TISDALE","2016-02-21","1706",13,35,151,"2:04",12,1
"163",36535,"2016-03-14","S1","TISDALE","2016-03-15","1800",11.4,67.5,183,"2:15",1,4
"164",36536,"2016-02-20","S1","TISDALE","2016-02-21","1706",13,38.9,158,"1:29",12,1
"165",36537,"2016-02-20","S1","TISDALE","2016-02-21","1043",11.4,46.3,163,"1:35",6,1
"166",36581,"2016-02-20","S1","TISDALE","2016-02-21","1043",11.4,21.5,127,"2:01",6,1
"167",36583,"2016-02-20","S1","TISDALE","2016-02-21","1043",11.4,66.1,182,"2:10",6,1
"168",36584,"2016-02-20","S1","TISDALE","2016-02-21","1043",11.4,24,134,"",6,1
"169",36585,"2016-02-20","S1","TISDALE","2016-02-21","1043",11.4,49.7,165,"",6,1
"170",36586,"2016-02-20","S1","TISDALE","2016-02-21","1043",11.4,30.3,143,"1:56",6,1
"171",36587,"2016-02-20","S1","TISDALE","2016-02-21","1043",11.4,42.8,159,"2:16",6,1
"172",36588,"2016-02-20","S1","TISDALE","2016-02-21","1043",11.4,24,133,"",6,1
"173",36589,"2016-02-20","S1","TISDALE","2016-02-21","1049",11.4,53.7,172,"1:36",8,1
"174",36590,"2016-02-20","S1","TISDALE","2016-02-21","1046",11.4,68.6,185,"2:09",7,1
"175",36591,"2016-03-14","S1","TISDALE","2016-03-16","1000",11.4,35.7,150,"4:08",3,4
"176",36593,"2016-02-20","S1","TISDALE","2016-02-21","1046",11.4,34,147,"2:23",7,1
"177",36594,"2016-02-20","S1","TISDALE","2016-02-21","1046",11.4,31.1,147,"2:13",7,1
"178",36595,"2016-02-20","S1","TISDALE","2016-02-21","1046",11.4,33.9,149,"2:32",7,1
"179",36596,"2016-02-20","S1","TISDALE","2016-02-21","1046",11.4,32.5,144,"2:02",7,1
"180",36597,"2016-02-20","S1","TISDALE","2016-02-21","1046",11.4,20.8,123,"2:23",7,1
"181",36598,"2016-02-20","S1","TISDALE","2016-02-21","1658",13,59,176,"2:06",10,1
"182",36599,"2016-02-20","S1","TISDALE","2016-02-21","1658",13,36.9,151,"2:17",10,1
"183",36601,"2016-02-20","S1","TISDALE","2016-02-21","1658",13,48.6,162,"1:49",10,1
"184",36602,"2016-02-20","S1","TISDALE","2016-02-21","1658",13,73.4,186,"2:47",10,1
"185",36603,"2016-02-20","S1","TISDALE","2016-02-21","1658",13,48.6,167,"2:07",10,1
"186",36604,"2016-02-20","S1","TISDALE","2016-02-21","1658",13,47.5,163,"1:51",10,1
"187",36605,"2016-02-20","S1","TISDALE","2016-02-21","1658",13,21.3,126,"N/T",10,1
"188",36606,"2016-02-20","S1","TISDALE","2016-02-21","1706",13,22.4,129,"2:33",12,1
"189",36608,"2016-02-20","S1","TISDALE","2016-02-21","1706",13,40.3,156,"2:02",12,1
"190",36609,"2016-02-20","S1","TISDALE","2016-02-21","1706",13,42.7,161,"2:04",12,1
"191",36610,"2016-02-20","S1","TISDALE","2016-02-21","1706",13,39.7,158,"1:53",12,1
"192",36611,"2016-02-20","S1","TISDALE","2016-02-21","1706",13,57.9,175,"2:01",12,1
"193",36612,"2016-02-20","S1","TISDALE","2016-02-21","1706",13,76.9,192,"2:01",12,1
"194",36613,"2016-02-20","S1","TISDALE","2016-02-21","1706",13,45.9,164,"2:07",12,1
"195",36614,"2016-02-20","S1","TISDALE","2016-02-21","2311",13,40.7,161,"2:10",16,1
"196",36615,"2016-02-20","S1","TISDALE","2016-02-21","2311",13,31.7,142,"2:02",16,1
"197",36616,"2016-02-20","S1","TISDALE","2016-02-21","2311",13,65.4,177,"1:41",16,1
"198",36617,"2016-02-20","S1","TISDALE","2016-02-21","2311",13,21.1,124,"2:41",16,1
"199",36618,"2016-02-20","S1","TISDALE","2016-02-21","2311",13,34.9,146,"2:12",16,1
"200",36619,"2016-02-20","S1","TISDALE","2016-02-21","2311",13,48.9,164,"1:45",16,1
"201",36621,"2016-02-20","S1","TISDALE","2016-02-21","2311",13,71.4,188,"1:40",16,1
"202",36622,"2016-02-20","S1","TISDALE","2016-02-21","2311",13,40.9,160,"1:41",16,1
"203",36623,"2016-02-20","S1","TISDALE","2016-02-21","2308",13,38.4,154,"1:49",15,1
"204",36624,"2016-02-20","S1","TISDALE","2016-02-21","2305",13,49.4,165,"2:07",14,1
"205",36625,"2016-03-16","S1","TISDALE","2016-03-17","1800",12.2,96.7,196,"1:51",2,5
"206",36626,"2016-02-20","S1","TISDALE","2016-02-21","2305",13,74.4,190,"2:21",14,1
"207",36627,"2016-03-16","S1","TISDALE","2016-03-18","959",12.2,57.4,181,"1:57",3,5
"208",36628,"2016-02-20","S1","TISDALE","2016-02-21","2305",13,36.8,151,"2:04",14,1
"209",36629,"2016-02-20","S1","TISDALE","2016-02-21","2305",13,23.2,127,"2:29",14,1
"210",36630,"2016-02-20","S1","TISDALE","2016-02-21","2305",13,50.4,164,"2:25",14,1
"211",36631,"2016-02-20","S1","TISDALE","2016-02-21","2305",13,28.3,141,"1:53",14,1
"212",36632,"2016-02-20","S1","TISDALE","2016-02-21","2305",13,34.2,143,"2:02",14,1
"213",36633,"2016-02-20","S1","TISDALE","2016-02-21","2305",13,39.4,156,"2:11",14,1
"214",36634,"2016-02-20","S1","TISDALE","2016-02-21","538",11.4,39.7,154,"2:57",4,1
"215",36635,"2016-02-20","S1","TISDALE","2016-02-21","538",11.4,51.6,166,"2:00",4,1
"216",36638,"2016-02-20","S1","TISDALE","2016-02-21","538",11.4,38.3,153,"1:34",4,1
"217",36639,"2016-02-20","S1","TISDALE","2016-02-21","538",11.4,57.8,173,"1:57",4,1
"218",36640,"2016-02-20","S1","TISDALE","2016-02-21","538",11.4,28.5,137,"2:17",4,1
"219",36641,"2016-02-20","S1","TISDALE","2016-02-21","538",11.4,64.4,182,"1:17",4,1
"220",36642,"2016-02-20","S1","TISDALE","2016-02-21","538",11.4,23.8,133,"N/T",4,1
"221",36644,"2016-02-20","S1","TISDALE","2016-02-21","538",11.4,47.1,163,"2:17",2,1
"222",36646,"2016-02-20","S1","TISDALE","2016-02-21","538",11.4,53.3,167,"N/T",2,1
"223",36647,"2016-02-20","S1","TISDALE","2016-02-21","538",11.4,32.3,142,"2:49",2,1
"224",36648,"2016-02-20","S1","TISDALE","2016-02-21","538",11.4,105.9,211,"2:25",2,1
"225",36649,"2016-02-20","S1","TISDALE","2016-02-21","538",11.4,51.1,165,"2:22",2,1
"226",36650,"2016-02-20","S1","TISDALE","2016-02-21","538",11.4,51.5,167,"2:22",2,1
"227",36651,"2016-02-20","S1","TISDALE","2016-02-21","538",11.4,66.5,186,"3:13",2,1
"228",36652,"2016-02-20","S1","TISDALE","2016-02-21","2311",13,28.8,138,"2:10",16,1
"229",36653,"2016-02-20","S1","TISDALE","2016-02-21","2311",13,91.1,204,"1:42",16,1
"230",36654,"2016-02-20","S1","TISDALE","2016-02-21","2311",13,37.4,155,"1:37",16,1
"231",36655,"2016-02-20","S1","TISDALE","2016-02-21","2311",13,37.5,153,"1:43",16,1
"232",36656,"2016-02-20","S1","TISDALE","2016-02-21","2311",13,37,152,"1:37",16,1
"233",36657,"2016-02-20","S1","TISDALE","2016-02-21","2311",13,54.7,173,"1:44",16,1
"234",36660,"2016-02-20","S1","TISDALE","2016-02-21","2311",13,31.5,147,"1:40",16,1
"235",36662,"2016-02-20","S1","TISDALE","2016-02-21","2308",13,44.1,165,"1:53",14,1
"236",36663,"2016-02-20","S1","TISDALE","2016-02-21","2305",13,85,198,"1:40",14,1
"237",36664,"2016-02-20","S1","TISDALE","2016-02-21","2305",13,40.4,156,"1:55",14,1
"238",36665,"2016-02-20","S1","TISDALE","2016-02-21","2305",13,50.2,168,"1:34",14,1
"239",36666,"2016-02-20","S1","TISDALE","2016-02-21","2305",13,46.4,160,"1:37",14,1
"240",36667,"2016-02-20","S1","TISDALE","2016-02-21","2305",13,29.7,145,"1:34",14,1
"241",36668,"2016-02-20","S1","TISDALE","2016-02-21","2305",13,45.6,164,"1:58",14,1
"242",36669,"2016-02-20","S1","TISDALE","2016-02-21","1049",11.4,34.7,150,"1:09",8,1
"243",36671,"2016-02-20","S1","TISDALE","2016-02-21","1049",11.4,54.7,173,"1:19",8,1
"244",36672,"2016-02-20","S1","TISDALE","2016-02-21","1049",11.4,37.6,152,"1:34",8,1
"245",36675,"2016-02-20","S1","TISDALE","2016-02-21","1049",11.4,30.2,138,"1:29",8,1
"246",36676,"2016-02-20","S1","TISDALE","2016-02-21","1049",11.4,23.5,129,"1:14",8,1
"247",36677,"2016-02-20","S1","TISDALE","2016-02-21","1049",11.4,44.2,157,"1:33",8,1
"248",36735,"2016-02-20","S1","TISDALE","2016-02-21","1049",11.4,56.7,175,"1:45",8,1
"249",36736,"2016-02-20","S1","TISDALE","2016-02-21","1043",11.4,99,206,NA,6,1
"250",36737,"2016-02-20","S1","TISDALE","2016-02-21","1043",11.4,23.5,129,"1:25",6,1
"251",36738,"2016-02-20","S1","TISDALE","2016-02-21","1043",11.4,51.6,169,"2:08",6,1
"252",36739,"2016-02-20","S1","TISDALE","2016-02-21","1043",11.4,22,124,"2:08",6,1
"253",36740,"2016-02-20","S1","TISDALE","2016-02-21","1043",11.4,44.2,158,"1:47",6,1
"254",36741,"2016-02-20","S1","TISDALE","2016-02-21","1043",11.4,54,169,"1:27",6,1
"255",36742,"2016-02-20","S1","TISDALE","2016-02-21","1043",11.4,49.7,166,"1:22",6,1
"256",38780,"2016-03-05","S1","TISDALE","2016-03-06","301",14.1,27.2,137,"3:26",1,2
"257",38781,"2016-03-05","S1","TISDALE","2016-03-06","301",14.1,46.1,163,"2:43",1,2
"258",38782,"2016-03-05","S1","TISDALE","2016-03-06","301",14.1,42,156,"2:21",1,2
"259",38783,"2016-03-05","S1","TISDALE","2016-03-06","301",14.1,53.3,173,"2:38",1,2
"260",38784,"2016-03-05","S1","TISDALE","2016-03-06","301",14.1,43.4,156,"2:29",1,2
"261",38785,"2016-03-05","S1","TISDALE","2016-03-06","301",14.1,53.6,171,"2:03",1,2
"262",38786,"2016-03-05","S1","TISDALE","2016-03-06","301",14.1,28.8,139,"2:22",1,2
"263",38787,"2016-03-05","S1","TISDALE","2016-03-06","301",14.1,46.7,163,"1:32",1,2
"264",38788,"2016-03-05","S1","TISDALE","2016-03-06","301",14.1,38,150,"2:00",1,2
"265",38789,"2016-03-05","S1","TISDALE","2016-03-06","301",14.1,82.1,199,"1:55",1,2
"266",38790,"2016-03-05","S1","TISDALE","2016-03-06","301",14.1,60.5,175,"2:12",1,2
"267",38791,"2016-03-05","S1","TISDALE","2016-03-06","301",14.1,49.6,168,"1:52",1,2
"268",38792,"2016-03-05","S1","TISDALE","2016-03-06","301",14.1,33.2,151,"1:42",1,2
"269",38793,"2016-03-05","S1","TISDALE","2016-03-06","301",14.1,55.7,169,"1:51",1,2
"270",38794,"2016-03-05","S1","TISDALE","2016-03-06","301",14.1,95,205,"1:44",1,2
"271",38795,"2016-03-05","S1","TISDALE","2016-03-06","311",14.1,42.7,162,"1:55",3,2
"272",38796,"2016-03-05","S1","TISDALE","2016-03-06","311",14.1,60.2,181,"2:02",3,2
"273",38797,"2016-03-05","S1","TISDALE","2016-03-06","311",14.1,75,191,"1:59",3,2
"274",38798,"2016-03-05","S1","TISDALE","2016-03-06","311",14.1,87,200,"1:56",3,2
"275",38799,"2016-03-05","S1","TISDALE","2016-03-06","311",14.1,84.8,197,"2:00",3,2
"276",38815,"2016-03-05","S1","TISDALE","2016-03-06","311",14.1,46.5,165,"2:34",3,2
"277",38816,"2016-03-05","S1","TISDALE","2016-03-06","311",14.1,41,156,"2:08",3,2
"278",38817,"2016-03-05","S1","TISDALE","2016-03-06","311",14.1,56.3,173,"2:19",3,2
"279",38818,"2016-03-05","S1","TISDALE","2016-03-06","311",14.1,56.6,174,"1:18",3,2
"280",38819,"2016-03-05","S1","TISDALE","2016-03-06","311",14.1,43.5,157,"1:33",3,2
"281",38820,"2016-03-05","S1","TISDALE","2016-03-06","311",14.1,22.2,125,"1:41",3,2
"282",38821,"2016-03-05","S1","TISDALE","2016-03-06","311",14.1,40.2,157,"1:24",3,2
"283",38823,"2016-03-05","S1","TISDALE","2016-03-06","311",14.1,55.1,175,"1:27",3,2
"284",38824,"2016-03-05","S1","TISDALE","2016-03-06","311",14.1,47,163,"1:17",3,2
"285",38826,"2016-03-05","S1","TISDALE","2016-03-06","311",14.1,46.4,163,"1:27",3,2
"286",38827,"2016-03-05","S1","TISDALE","2016-03-06","846",14.7,39,161,"1:51",5,2
"287",38828,"2016-03-05","S1","TISDALE","2016-03-06","846",14.7,42,158,"1:54",5,2
"288",38829,"2016-03-05","S1","TISDALE","2016-03-06","846",14.7,46,163,"2:43",5,2
"289",38831,"2016-03-05","S1","TISDALE","2016-03-06","846",14.7,81.3,190,"1:54",5,2
"290",38832,"2016-03-05","S1","TISDALE","2016-03-06","846",14.7,49.1,164,"1:59",5,2
"291",38833,"2016-03-05","S1","TISDALE","2016-03-06","846",14.7,64.2,173,"2:05",5,2
"292",38834,"2016-03-05","S1","TISDALE","2016-03-06","846",14.7,59.5,192,"2:13",5,2
"293",38835,"2016-03-05","S1","TISDALE","2016-03-06","846",14.7,63,174,"2:10",5,2
"294",38836,"2016-03-05","S1","TISDALE","2016-03-06","846",14.7,58.1,173,"1:23",5,2
"295",38837,"2016-03-05","S1","TISDALE","2016-03-06","846",14.7,77.6,193,"1:17",5,2
"296",38838,"2016-03-05","S1","TISDALE","2016-03-06","846",14.7,81,192,"1:40",5,2
"297",38839,"2016-03-05","S1","TISDALE","2016-03-06","846",14.7,69.4,188,"1:14",5,2
"298",38840,"2016-03-05","S1","TISDALE","2016-03-06","846",14.7,69.8,183,"1:32",5,2
"299",38841,"2016-03-05","S1","TISDALE","2016-03-06","846",14.7,56,170,"1:24",5,2
"300",38842,"2016-03-05","S1","TISDALE","2016-03-06","846",14.7,33.4,151,"1:32",5,2
"301",38843,"2016-03-05","S1","TISDALE","2016-03-06","855",14.7,68,183,"2:10",7,2
"302",38844,"2016-03-05","S1","TISDALE","2016-03-06","855",14.7,59.7,177,"2:21",7,2
"303",38845,"2016-03-05","S1","TISDALE","2016-03-06","855",14.7,36.9,153,"2:06",7,2
"304",38846,"2016-03-05","S1","TISDALE","2016-03-06","855",14.7,72.5,180,"2:07",7,2
"305",38847,"2016-03-05","S1","TISDALE","2016-03-06","855",14.7,22.5,129,"1:55",7,2
"306",38848,"2016-03-05","S1","TISDALE","2016-03-06","855",14.7,46.9,164,"2:13",7,2
"307",38849,"2016-03-05","S1","TISDALE","2016-03-06","855",14.7,35.5,150,"2:11",7,2
"308",38850,"2016-03-05","S1","TISDALE","2016-03-06","855",14.7,60.4,178,"2:19",7,2
"309",38851,"2016-03-05","S1","TISDALE","2016-03-06","855",14.7,47,168,"1:30",7,2
"310",38852,"2016-03-05","S1","TISDALE","2016-03-06","855",14.7,30.7,145,"1:21",7,2
"311",38853,"2016-03-05","S1","TISDALE","2016-03-06","855",14.7,67.2,187,"1:47",7,2
"312",38854,"2016-03-05","S1","TISDALE","2016-03-06","855",14.7,63,182,"1:29",7,2
"313",38855,"2016-03-05","S1","TISDALE","2016-03-06","855",14.7,56.7,171,"1:28",7,2
"314",38856,"2016-03-05","S1","TISDALE","2016-03-06","855",14.7,70.9,192,"1:28",7,2
"315",38857,"2016-03-05","S1","TISDALE","2016-03-06","855",14.7,35.9,153,"1:37",7,2
"316",38858,"2016-03-05","S1","TISDALE","2016-03-06","1433",14.1,52.1,168,"2:27",9,2
"317",38859,"2016-03-05","S1","TISDALE","2016-03-06","1433",14.1,28.6,138,"1:46",9,2
"318",38860,"2016-03-05","S1","TISDALE","2016-03-06","1433",14.1,34.7,147,"2:36",9,2
"319",38861,"2016-03-05","S1","TISDALE","2016-03-06","1433",14.1,54.5,171,"2:18",9,2
"320",38862,"2016-03-05","S1","TISDALE","2016-03-06","1433",14.1,35.9,151,"2:25",9,2
"321",38863,"2016-03-05","S1","TISDALE","2016-03-06","1433",14.1,74.1,193,"2:22",9,2
"322",38864,"2016-03-05","S1","TISDALE","2016-03-06","1433",14.1,59.4,179,"1:58",9,2
"323",38865,"2016-03-05","S1","TISDALE","2016-03-06","1433",14.1,55.1,173,"1:30",9,2
"324",38866,"2016-03-05","S1","TISDALE","2016-03-06","1433",14.1,73.6,187,"1:37",9,2
"325",38867,"2016-03-05","S1","TISDALE","2016-03-06","1433",14.1,45.3,165,"1:34",9,2
"326",38868,"2016-03-05","S1","TISDALE","2016-03-06","1433",14.1,40,154,"1:41",9,2
"327",38869,"2016-03-05","S1","TISDALE","2016-03-06","1433",14.1,88.1,203,"1:25",9,2
"328",38870,"2016-03-05","S1","TISDALE","2016-03-06","1433",14.1,59.6,179,"1:36",9,2
"329",38871,"2016-03-05","S1","TISDALE","2016-03-06","1433",14.1,65.9,180,"1:28",9,2
"330",38872,"2016-03-05","S1","TISDALE","2016-03-06","1433",14.1,59,181,"1:29",9,2
"331",38873,"2016-03-05","S1","TISDALE","2016-03-06","1439",14.1,37.6,152,"2:12",11,2
"332",38874,"2016-03-05","S1","TISDALE","2016-03-06","1439",14.1,60.6,178,"1:54",11,2
"333",38875,"2016-03-05","S1","TISDALE","2016-03-06","1439",14.1,26.6,137,"1:51",11,2
"334",38876,"2016-03-05","S1","TISDALE","2016-03-06","1439",14.1,43.8,159,"2:03",11,2
"335",38878,"2016-03-05","S1","TISDALE","2016-03-06","1439",14.1,35.9,148,"1:32",11,2
"336",38879,"2016-03-05","S1","TISDALE","2016-03-06","1439",14.1,54.8,171,"2:08",11,2
"337",38880,"2016-03-05","S1","TISDALE","2016-03-06","1439",14.1,38.8,150,"1:27",11,2
"338",38882,"2016-03-05","S1","TISDALE","2016-03-06","1439",14.1,70.9,192,"1:18",11,2
"339",38883,"2016-03-05","S1","TISDALE","2016-03-06","1439",14.1,76,190,"2:07",11,2
"340",38884,"2016-03-05","S1","TISDALE","2016-03-06","1439",14.1,34.2,146,"1:10",11,2
"341",38887,"2016-03-05","S1","TISDALE","2016-03-06","1439",14.1,21.3,128,"1:48",11,2
"342",38888,"2016-03-05","S1","TISDALE","2016-03-06","1439",14.1,75.1,192,"1:47",11,2
"343",38889,"2016-03-05","S1","TISDALE","2016-03-06","1439",14.1,39.1,152,"1:45",11,2
"344",38890,"2016-03-05","S1","TISDALE","2016-03-06","1439",14.1,47,165,"1:20",11,2
"345",38891,"2016-03-05","S1","TISDALE","2016-03-06","2100",14.4,73.4,186,"1:55",13,2
"346",38892,"2016-03-05","S1","TISDALE","2016-03-06","2100",14.4,41.2,157,"1:58",13,2
"347",38894,"2016-03-05","S1","TISDALE","2016-03-06","2100",14.4,35.3,149,"2:58",13,2
"348",38895,"2016-03-05","S1","TISDALE","2016-03-06","2100",14.4,42.3,165,"1:53",13,2
"349",38896,"2016-03-05","S1","TISDALE","2016-03-06","2100",14.4,35.6,151,"1:58",13,2
"350",38897,"2016-03-05","S1","TISDALE","2016-03-06","2100",14.4,38.2,153,"2:01",13,2
"351",38898,"2016-03-05","S1","TISDALE","2016-03-06","2100",14.4,86.8,201,"1:51",13,2
"352",38899,"2016-03-05","S1","TISDALE","2016-03-06","2100",14.4,36.9,153,"1:57",13,2
"353",38901,"2016-03-05","S1","TISDALE","2016-03-06","2100",14.4,39,152,"1:21",13,2
"354",38902,"2016-03-05","S1","TISDALE","2016-03-06","2100",14.4,26.8,137,"1:28",13,2
"355",38903,"2016-03-05","S1","TISDALE","2016-03-06","2100",14.4,41.3,157,"1:35",13,2
"356",38904,"2016-03-05","S1","TISDALE","2016-03-06","2100",14.4,45.9,167,"1:26",13,2
"357",38905,"2016-03-05","S1","TISDALE","2016-03-06","2100",14.4,75.3,188,"1:27",13,2
"358",38906,"2016-03-05","S1","TISDALE","2016-03-06","2100",14.4,41.7,158,"1:27",13,2
"359",38907,"2016-03-05","S1","TISDALE","2016-03-06","2100",14.4,83.4,197,"1:21",13,2
"360",38908,"2016-03-05","S1","TISDALE","2016-03-06","2108",14.4,47.2,161,"2:16",15,2
"361",38909,"2016-03-05","S1","TISDALE","2016-03-06","2108",14.4,50.1,160,"2:13",15,2
"362",38910,"2016-03-05","S1","TISDALE","2016-03-06","2108",14.4,55.8,169,"2:37",15,2
"363",38911,"2016-03-05","S1","TISDALE","2016-03-06","2108",14.4,35.5,149,"1:52",15,2
"364",38912,"2016-03-05","S1","TISDALE","2016-03-06","2108",14.4,37.4,154,"1:44",15,2
"365",38914,"2016-03-05","S1","TISDALE","2016-03-06","2108",14.4,55.4,175,"1:52",15,2
"366",38915,"2016-03-05","S1","TISDALE","2016-03-06","2108",14.4,43.5,164,"2:10",15,2
"367",38916,"2016-03-05","S1","TISDALE","2016-03-06","2108",14.4,32,141,"3:55",15,2
"368",38917,"2016-03-05","S1","TISDALE","2016-03-06","2108",14.4,51.3,173,"1:36",15,2
"369",38918,"2016-03-05","S1","TISDALE","2016-03-06","2108",14.4,45.6,160,"1:21",15,2
"370",38920,"2016-03-05","S1","TISDALE","2016-03-06","2108",14.4,84.1,197,"2:22",15,2
"371",38921,"2016-03-05","S1","TISDALE","2016-03-06","2108",14.4,44,164,"1:34",15,2
"372",38922,"2016-03-05","S1","TISDALE","2016-03-06","2108",14.4,32.1,143,"1:36",15,2
"373",38923,"2016-03-05","S1","TISDALE","2016-03-06","2108",14.4,27.4,139,"1:39",15,2
"374",38924,"2016-03-05","S1","TISDALE","2016-03-06","2108",14.4,40.2,155,"1:41",15,2
"375",38925,"2016-03-10","T1","TISDALE","2016-03-11","3",11,74.2,182,"1:43",1,3
"376",38926,"2016-03-10","T1","TISDALE","2016-03-11","3",11,31.7,148,"1:35",1,3
"377",38927,"2016-03-10","T1","TISDALE","2016-03-11","3",11,47,164,"1:38",1,3
"378",38928,"2016-03-10","T1","TISDALE","2016-03-11","3",11,54.3,168,"2:04",1,3
"379",38929,"2016-03-10","T1","TISDALE","2016-03-11","3",11,56.5,173,"1:35",1,3
"380",38930,"2016-03-10","T1","TISDALE","2016-03-11","13",11,62.2,178,"1:22",4,3
"381",38931,"2016-03-10","T1","TISDALE","2016-03-11","9",11,67,185,"1:28",3,3
"382",38932,"2016-03-10","T1","TISDALE","2016-03-11","9",11,65.6,180,"N/T",3,3
"383",38933,"2016-03-10","T1","TISDALE","2016-03-11","9",11,51.9,170,"1:20",3,3
"384",38934,"2016-03-10","T1","TISDALE","2016-03-11","9",11,27.7,140,"1:28",3,3
"385",38935,"2016-03-10","T1","TISDALE","2016-03-11","9",11,39.8,155,"1:35",3,3
"386",38936,"2016-03-10","T2","TISDALE","2016-03-11","402",11,37.1,152,"1:42",5,3
"387",38937,"2016-03-10","T2","TISDALE","2016-03-11","402",11,43.6,159,"1:50",5,3
"388",38938,"2016-03-10","T2","TISDALE","2016-03-11","402",11,34.7,145,"1:35",5,3
"389",38939,"2016-03-10","T2","TISDALE","2016-03-11","402",11,51,171,"1:25",5,3
"390",38940,"2016-03-10","T2","TISDALE","2016-03-11","402",11,67.7,187,"1:44",5,3
"391",38941,"2016-03-10","T2","TISDALE","2016-03-11","409",11,83.8,197,"1:27",7,3
"392",38942,"2016-03-10","T2","TISDALE","2016-03-11","409",11,29.1,140,"1:29",7,3
"393",38943,"2016-03-10","T2","TISDALE","2016-03-11","409",11,52.4,169,"1:32",7,3
"394",38944,"2016-03-10","T2","TISDALE","2016-03-11","409",11,37.1,149,"1:32",7,3
"395",38945,"2016-03-10","T2","TISDALE","2016-03-11","409",11,67.1,185,"1:33",7,3
"396",38946,"2016-03-10","T3","TISDALE","2016-03-11","755",12.7,53.9,174,"1:32",9,3
"397",38947,"2016-03-10","T3","TISDALE","2016-03-11","755",12.7,46.2,163,"1:30",9,3
"398",38948,"2016-03-10","T3","TISDALE","2016-03-11","755",12.7,44.1,165,"1:31",9,3
"399",38949,"2016-03-10","T3","TISDALE","2016-03-11","755",12.7,85.5,201,"1:31",9,3
"400",38950,"2016-03-10","T3","TISDALE","2016-03-11","802",12.7,62.8,180,"1:21",11,3
"401",38951,"2016-03-10","T3","TISDALE","2016-03-11","802",12.7,61.6,173,"1:22",11,3
"402",38952,"2016-03-10","T3","TISDALE","2016-03-11","802",12.7,50.4,168,"1:28",11,3
"403",38953,"2016-03-10","T3","TISDALE","2016-03-11","802",12.7,85.2,202,"1:34",11,3
"404",38954,"2016-03-10","T3","TISDALE","2016-03-11","802",12.7,79.4,190,"1:26",11,3
"405",38967,"2016-03-10","T1","TISDALE","2016-03-11","3",11,60,179,"2:48",1,3
"406",38968,"2016-03-10","T1","TISDALE","2016-03-11","3",11,54.6,169,"2:33",1,3
"407",38969,"2016-03-10","T1","TISDALE","2016-03-11","3",11,22.6,129,"1:54",1,3
"408",38970,"2016-03-10","T1","TISDALE","2016-03-11","3",11,52.9,168,"2:10",1,3
"409",38971,"2016-03-10","T1","TISDALE","2016-03-11","3",11,37.7,153,"1:53",1,3
"410",38972,"2016-03-10","T1","TISDALE","2016-03-11","3",11,55.5,171,"2:25",1,3
"411",38973,"2016-03-10","T1","TISDALE","2016-03-11","9",11,68.1,185,"1:51",3,3
"412",38974,"2016-03-10","T1","TISDALE","2016-03-11","9",11,36.1,151,"2:03",3,3
"413",38975,"2016-03-10","T1","TISDALE","2016-03-11","9",11,49.8,168,"2:05",3,3
"414",38976,"2016-03-10","T1","TISDALE","2016-03-11","9",11,47.2,165,"2:04",3,3
"415",38977,"2016-03-10","T1","TISDALE","2016-03-11","9",11,38.5,154,"2:04",3,3
"416",38978,"2016-03-10","T1","TISDALE","2016-03-11","9",11,47.6,165,"1:47",3,3
"417",38979,"2016-03-10","T2","TISDALE","2016-03-11","411",11,70.4,187,"2:10",8,3
"418",38980,"2016-03-10","T2","TISDALE","2016-03-11","405",11,46.3,164,"1:57",6,3
"419",38981,"2016-03-10","T2","TISDALE","2016-03-11","405",11,72.6,181,"1:52",6,3
"420",38982,"2016-03-10","T2","TISDALE","2016-03-11","405",11,45.2,161,"2:20",6,3
"421",38984,"2016-03-10","T2","TISDALE","2016-03-11","405",11,50.6,162,"2:07",6,3
"422",38985,"2016-03-10","T2","TISDALE","2016-03-11","405",11,72.3,193,"1:45",6,3
"423",38986,"2016-03-10","T2","TISDALE","2016-03-11","411",11,50.7,172,"2:41",8,3
"424",38987,"2016-03-10","T2","TISDALE","2016-03-11","411",11,44.7,163,"2:12",8,3
"425",38988,"2016-03-10","T2","TISDALE","2016-03-11","411",11,61.7,175,"2:02",8,3
"426",38989,"2016-03-10","T3","TISDALE","2016-03-11","755",12.7,35.7,151,"N/T",9,3
"427",38990,"2016-03-10","T3","TISDALE","2016-03-11","755",12.7,61.2,176,"1:59",9,3
"428",38991,"2016-03-10","T3","TISDALE","2016-03-11","755",12.7,45.6,160,"2:04",9,3
"429",38992,"2016-03-10","T3","TISDALE","2016-03-11","755",12.7,59.1,176,"1:53",9,3
"430",38993,"2016-03-10","T3","TISDALE","2016-03-11","755",12.7,30.2,138,"1:59",9,3
"431",38994,"2016-03-10","T3","TISDALE","2016-03-11","755",12.7,49.8,166,"N/T",9,3
"432",39012,"2016-03-14","S1","TISDALE","2016-03-15","1800",14.4,54.3,171,"1:33",1,4
"433",39013,"2016-03-14","S1","TISDALE","2016-03-15","1800",14.4,72,187,"1:26",1,4
"434",39014,"2016-03-14","S1","TISDALE","2016-03-15","1800",14.4,71.1,190,"1:50",1,4
"435",39015,"2016-03-14","S1","TISDALE","2016-03-15","1800",14.4,51.2,170,"1:45",1,4
"436",39016,"2016-03-14","S1","TISDALE","2016-03-15","1800",14.4,29.5,145,"1:37",1,4
"437",39017,"2016-03-14","S1","TISDALE","2016-03-15","1800",14.4,35,148,"1:19",1,4
"438",39018,"2016-03-14","S1","TISDALE","2016-03-16","1000",11.4,28.5,140,"1:45",3,4
"439",39019,"2016-03-14","S1","TISDALE","2016-03-16","1000",11.4,54.7,174,"1:22",3,4
"440",39020,"2016-03-14","S1","TISDALE","2016-03-16","1000",11.4,58.1,180,"1:45",3,4
"441",39021,"2016-03-14","S1","TISDALE","2016-03-16","1000",11.4,71.1,192,"1:37",3,4
"442",39022,"2016-03-14","S1","TISDALE","2016-03-16","1000",11.4,67.4,188,"1:33",3,4
"443",39024,"2016-03-14","S1","TISDALE","2016-03-16","1000",11.4,34.1,148,"1:19",3,4
"444",39025,"2016-03-14","S1","TISDALE","2016-03-16","1000",11.4,54.6,169,"1:37",3,4
"445",39054,"2016-03-14","S1","TISDALE","2016-03-15","1800",11.4,52.9,171,"1:52",1,4
"446",39055,"2016-03-14","S1","TISDALE","2016-03-15","1800",11.4,36,152,"2:07",1,4
"447",39056,"2016-03-14","S1","TISDALE","2016-03-15","1800",11.4,31.5,146,"2:01",1,4
"448",39057,"2016-03-14","S1","TISDALE","2016-03-15","1800",11.4,29.7,140,"2:21",1,4
"449",39058,"2016-03-14","S1","TISDALE","2016-03-15","1800",11.4,64,179,"1:55",1,4
"450",39059,"2016-03-14","S1","TISDALE","2016-03-16","1000",11.4,39.9,157,"1:55",3,4
"451",39060,"2016-03-14","S1","TISDALE","2016-03-16","1000",11.4,54.3,173,"2:02",3,4
"452",39061,"2016-03-14","S1","TISDALE","2016-03-16","1000",11.4,54.1,171,"2:02",3,4
"453",39063,"2016-03-14","S1","TISDALE","2016-03-16","1000",11.4,84.3,198,"1:59",3,4
"454",39065,"2016-03-14","S1","TISDALE","2016-03-16","1000",11.4,55.6,173,"1:55",3,4
"455",39066,"2016-03-14","S1","TISDALE","2016-03-16","1000",11.4,52.8,169,"2:17",3,4
"456",39087,"2016-03-16","S1","TISDALE","2016-03-17","1800",12.2,56.6,174,"2:02",2,5
"457",39088,"2016-03-16","S1","TISDALE","2016-03-17","1800",12.2,45.2,161,"1:59",2,5
"458",39089,"2016-03-16","S1","TISDALE","2016-03-17","1800",12.2,33.1,147,"1:55",2,5
"459",39090,"2016-03-16","S1","TISDALE","2016-03-17","1800",12.2,36.3,152,"1:51",2,5
"460",39092,"2016-03-16","S1","TISDALE","2016-03-17","1800",12.2,36.7,153,"2:35",2,5
"461",39093,"2016-03-16","S1","TISDALE","2016-03-17","1800",12.2,67.5,184,"1:57",2,5
"462",39094,"2016-03-16","S1","TISDALE","2016-03-18","959",12.2,47.6,167,"2:25",3,5
"463",39095,"2016-03-16","S1","TISDALE","2016-03-18","959",12.2,64.8,181,"1:52",3,5
"464",39096,"2016-03-16","S1","TISDALE","2016-03-18","959",12.2,23.8,132,"2:07",3,5
"465",39097,"2016-03-16","S1","TISDALE","2016-03-18","959",12.2,53.6,197,"2:07",3,5
"466",39098,"2016-03-16","S1","TISDALE","2016-03-18","959",12.2,32.1,147,"1:59",3,5
"467",39106,"2016-03-16","S1","TISDALE","2016-03-17","1800",12.2,29.4,139,"1:32",2,5
"468",39107,"2016-03-16","S1","TISDALE","2016-03-17","1800",12.2,39.9,155,"1:13",2,5
"469",39108,"2016-03-16","S1","TISDALE","2016-03-17","1800",12.2,42.8,163,"1:23",2,5
"470",39109,"2016-03-16","S1","TISDALE","2016-03-17","1800",12.2,43,165,"1:40",2,5
"471",39110,"2016-03-16","S1","TISDALE","2016-03-17","1800",12.2,45.8,164,"1:09",2,5
"472",39111,"2016-03-16","S1","TISDALE","2016-03-17","1800",12.2,54.2,172,"1:36",2,5
"473",39112,"2016-03-16","S1","TISDALE","2016-03-18","959",12.2,53.6,173,"1:29",3,5
"474",39113,"2016-03-16","S1","TISDALE","2016-03-18","959",12.2,31.3,150,"1:15",3,5
"475",39114,"2016-03-16","S1","TISDALE","2016-03-18","959",12.2,70.8,192,"1:21",3,5
"476",39115,"2016-03-16","S1","TISDALE","2016-03-18","959",12.2,49.6,168,"1:18",3,5
"477",39116,"2016-03-16","S1","TISDALE","2016-03-18","959",12.2,33.7,148,"1:20",3,5
"478",39117,"2016-03-16","S1","TISDALE","2016-03-18","959",12.2,53.4,174,"1:40",3,5
"479",39118,"2016-03-16","S1","TISDALE","2016-03-18","959",12.2,40.9,159,"1:20",3,5
"480",39283,"2016-03-10","T3","TISDALE","2016-03-11","802",12.7,40.2,151,"2:16",11,3
"481",39284,"2016-03-10","T3","TISDALE","2016-03-11","802",12.7,31.4,145,"2:00",11,3
"482",39285,"2016-03-10","T3","TISDALE","2016-03-11","803",12.7,69,183,"2:01",12,3
"483",39287,"2016-03-10","T3","TISDALE","2016-03-11","803",12.7,53.7,170,"1:59",12,3
"484",39288,"2016-03-10","T3","TISDALE","2016-03-11","803",12.7,67.8,184,"1:59",12,3
"485",39289,"2016-03-10","T3","TISDALE","2016-03-11","803",12.7,79.1,191,"2:02",12,3
"486",39291,"2016-03-10","T3","TISDALE","2016-03-11","803",12.7,28.9,138,"2:02",12,3
"487",39292,"2016-03-10","T3","TISDALE","2016-03-11","803",12.7,70.4,186,"1:33",12,3
"488",39310,"2016-03-05","S1","TISDALE","2016-03-06","2112",14.4,71.2,187,"1:50",16,2
"489",39311,"2016-03-05","S1","TISDALE","2016-03-06","2112",14.4,46,163,"1:41",16,2
"490",39312,"2016-03-05","S1","TISDALE","2016-03-06","2112",14.4,53.2,169,"1:45",16,2
"491",39314,"2016-03-05","S1","TISDALE","2016-03-06","2112",14.4,61,177,"1:23",16,2
"492",39316,"2016-03-05","S1","TISDALE","2016-03-06","2112",14.4,39.8,156,"2:08",16,2
"493",39317,"2016-03-05","S1","TISDALE","2016-03-06","2112",14.4,52.9,176,"1:38",16,2
"494",39318,"2016-03-05","S1","TISDALE","2016-03-06","2112",14.4,34.8,150,"1:41",16,2
"495",39319,"2016-03-05","S1","TISDALE","2016-03-06","2112",14.4,36.1,152,"1:38",16,2
"496",39320,"2016-03-05","S1","TISDALE","2016-03-06","2112",14.4,88.3,205,"1:49",16,2
"497",39321,"2016-03-05","S1","TISDALE","2016-03-06","2112",14.4,19.5,122,"2:27",16,2
"498",39322,"2016-03-05","S1","TISDALE","2016-03-06","2112",14.4,24,133,"2:22",16,2
"499",39323,"2016-03-05","S1","TISDALE","2016-03-06","2112",14.4,42,161,"2:16",16,2
"500",39324,"2016-03-05","S1","TISDALE","2016-03-06","2112",14.4,49.4,166,"1:51",16,2
"501",39325,"2016-03-05","S1","TISDALE","2016-03-06","2112",14.4,69.6,184,"2:10",16,2
"502",39326,"2016-03-05","S1","TISDALE","2016-03-06","2112",14.4,59.1,181,"2:06",16,2
"503",39327,"2016-03-05","S1","TISDALE","2016-03-06","2105",14.4,35.3,150,"1:32",14,2
"504",39328,"2016-03-05","S1","TISDALE","2016-03-06","2105",14.4,58.6,177,"1:38",14,2
"505",39329,"2016-03-05","S1","TISDALE","2016-03-06","2105",14.4,33.9,149,"1:39",14,2
"506",39330,"2016-03-05","S1","TISDALE","2016-03-06","2105",14.4,34.6,150,"1:32",14,2
"507",39331,"2016-03-05","S1","TISDALE","2016-03-06","2105",14.4,28.4,138,"1:31",14,2
"508",39332,"2016-03-05","S1","TISDALE","2016-03-06","2105",14.4,49.9,165,"1:29",14,2
"509",39333,"2016-03-05","S1","TISDALE","2016-03-06","2105",14.4,49.1,169,"1:29",14,2
"510",39334,"2016-03-05","S1","TISDALE","2016-03-06","2105",14.4,38.5,151,"1:32",14,2
"511",39335,"2016-03-05","S1","TISDALE","2016-03-06","2105",14.4,47.3,165,"1:58",14,2
"512",39336,"2016-03-05","S1","TISDALE","2016-03-06","2105",14.4,38.3,156,"2:04",14,2
"513",39337,"2016-03-05","S1","TISDALE","2016-03-06","2105",14.4,91.6,203,"1:58",14,2
"514",39338,"2016-03-05","S1","TISDALE","2016-03-06","2105",14.4,62.6,183,"2:15",14,2
"515",39339,"2016-03-05","S1","TISDALE","2016-03-06","2105",14.4,24.3,127,"2:15",14,2
"516",39340,"2016-03-05","S1","TISDALE","2016-03-06","2105",14.4,62.8,177,"2:00",14,2
"517",39342,"2016-03-05","S1","TISDALE","2016-03-06","2105",14.4,34.6,147,"2:17",14,2
"518",39343,"2016-03-05","S1","TISDALE","2016-03-06","1441",14.1,54.7,173,"N/T",12,2
"519",39344,"2016-03-05","S1","TISDALE","2016-03-06","1441",14.1,43.3,161,"1:27",12,2
"520",39345,"2016-03-05","S1","TISDALE","2016-03-06","1441",14.1,86.3,200,"1:36",12,2
"521",39346,"2016-03-05","S1","TISDALE","2016-03-06","1441",14.1,23.7,136,"1:41",12,2
"522",39348,"2016-03-05","S1","TISDALE","2016-03-06","1441",14.1,54.7,173,"1:34",12,2
"523",39349,"2016-03-05","S1","TISDALE","2016-03-06","1441",14.1,41.6,160,"1:24",12,2
"524",39351,"2016-03-05","S1","TISDALE","2016-03-06","1441",14.1,52.5,165,"1:30",12,2
"525",39352,"2016-03-05","S1","TISDALE","2016-03-06","1441",14.1,53.5,171,"1:51",12,2
"526",39353,"2016-03-05","S1","TISDALE","2016-03-06","1441",14.1,59.1,173,"1:50",12,2
"527",39354,"2016-03-05","S1","TISDALE","2016-03-06","1441",14.1,35.9,151,"1:56",12,2
"528",39355,"2016-03-05","S1","TISDALE","2016-03-06","1441",14.1,32.3,148,"2:16",12,2
"529",39356,"2016-03-05","S1","TISDALE","2016-03-06","1441",14.1,49.7,165,"1:44",12,2
"530",39357,"2016-03-05","S1","TISDALE","2016-03-06","1441",14.1,40.4,177,"1:54",12,2
"531",39358,"2016-03-05","S1","TISDALE","2016-03-06","1441",14.1,57.9,176,"2:01",12,2
"532",39359,"2016-03-05","S1","TISDALE","2016-03-06","1441",14.1,91.3,199,"1:52",12,2
"533",39360,"2016-03-05","S1","TISDALE","2016-03-06","1436",14.1,37.3,148,"1:35",10,2
"534",39361,"2016-03-05","S1","TISDALE","2016-03-06","1436",14.1,34.2,148,"1:28",10,2
"535",39362,"2016-03-05","S1","TISDALE","2016-03-06","1436",14.1,48.3,164,"1:26",10,2
"536",39363,"2016-03-05","S1","TISDALE","2016-03-06","1436",14.1,53,169,"1:45",10,2
"537",39364,"2016-03-05","S1","TISDALE","2016-03-06","1436",14.1,40.7,158,"1:27",10,2
"538",39365,"2016-03-05","S1","TISDALE","2016-03-06","1436",14.1,30.8,140,"1:38",10,2
"539",39366,"2016-03-05","S1","TISDALE","2016-03-06","1436",14.1,62.2,183,"1:33",10,2
"540",39367,"2016-03-05","S1","TISDALE","2016-03-06","1436",14.1,53.4,169,"1:42",10,2
"541",39368,"2016-03-05","S1","TISDALE","2016-03-06","1436",14.1,32.5,146,"1:53",10,2
"542",39369,"2016-03-05","S1","TISDALE","2016-03-06","1436",14.1,82.1,197,"1:49",10,2
"543",39370,"2016-03-05","S1","TISDALE","2016-03-06","1436",14.1,44.8,159,"1:33",10,2
"544",39371,"2016-03-05","S1","TISDALE","2016-03-06","1436",14.1,61.3,176,"2:18",10,2
"545",39372,"2016-03-05","S1","TISDALE","2016-03-06","1436",14.1,42.7,157,"1:50",10,2
"546",39373,"2016-03-05","S1","TISDALE","2016-03-06","1436",14.1,50.8,170,"1:51",10,2
"547",39374,"2016-03-05","S1","TISDALE","2016-03-06","1436",14.1,46.8,161,"1:38",10,2
"548",39375,"2016-03-05","S1","TISDALE","2016-03-06","859",14.7,35.2,154,"1:30",8,2
"549",39376,"2016-03-05","S1","TISDALE","2016-03-06","859",14.7,56.3,173,"1:30",8,2
"550",39377,"2016-03-05","S1","TISDALE","2016-03-06","859",14.7,34.5,148,"1:34",8,2
"551",39378,"2016-03-05","S1","TISDALE","2016-03-06","859",14.7,53.2,172,"1:22",8,2
"552",39379,"2016-03-05","S1","TISDALE","2016-03-06","859",14.7,55.5,175,"1:41",8,2
"553",39380,"2016-03-05","S1","TISDALE","2016-03-06","859",14.7,56.9,176,"1:24",8,2
"554",39381,"2016-03-05","S1","TISDALE","2016-03-06","859",14.7,67.8,188,"1:28",8,2
"555",39382,"2016-03-05","S1","TISDALE","2016-03-06","859",14.7,83.4,200,"1:29",8,2
"556",39383,"2016-03-05","S1","TISDALE","2016-03-06","859",14.7,36.8,151,"2:09",8,2
"557",39384,"2016-03-05","S1","TISDALE","2016-03-06","859",14.7,52.6,167,"2:11",8,2
"558",39385,"2016-03-05","S1","TISDALE","2016-03-06","859",14.7,85.5,201,"2:30",8,2
"559",39386,"2016-03-05","S1","TISDALE","2016-03-06","859",14.7,37.3,153,"2:06",8,2
"560",39387,"2016-03-05","S1","TISDALE","2016-03-06","859",14.7,32.3,143,"2:25",8,2
"561",39388,"2016-03-05","S1","TISDALE","2016-03-06","859",14.7,59.8,175,"2:07",8,2
"562",39389,"2016-03-05","S1","TISDALE","2016-03-06","859",14.7,34.4,143,"2:07",8,2
"563",39390,"2016-03-05","S1","TISDALE","2016-03-06","850",14.7,40.8,156,"1:22",6,2
"564",39391,"2016-03-05","S1","TISDALE","2016-03-06","850",14.7,69.8,189,"1:35",6,2
"565",39393,"2016-03-05","S1","TISDALE","2016-03-06","850",14.7,35.2,148,"1:35",6,2
"566",39394,"2016-03-05","S1","TISDALE","2016-03-06","850",14.7,45.8,164,"1:18",6,2
"567",39395,"2016-03-05","S1","TISDALE","2016-03-06","850",14.7,33.6,147,"1:31",6,2
"568",39397,"2016-03-05","S1","TISDALE","2016-03-06","850",14.7,33.7,148,"1:26",6,2
"569",39398,"2016-03-05","S1","TISDALE","2016-03-06","850",14.7,28.6,144,"1:35",6,2
"570",39399,"2016-03-05","S1","TISDALE","2016-03-06","850",14.7,68.8,184,"1:46",6,2
"571",39400,"2016-03-05","S1","TISDALE","2016-03-06","850",14.7,36.2,152,"1:57",6,2
"572",39401,"2016-03-05","S1","TISDALE","2016-03-06","850",14.7,54.7,169,"2:06",6,2
"573",39402,"2016-03-05","S1","TISDALE","2016-03-06","850",14.7,83.7,199,"2:11",6,2
"574",39403,"2016-03-05","S1","TISDALE","2016-03-06","850",14.7,33,144,"1:47",6,2
"575",39404,"2016-03-05","S1","TISDALE","2016-03-06","850",14.7,69.6,182,"2:00",6,2
"576",39406,"2016-03-05","S1","TISDALE","2016-03-06","850",14.7,75.7,191,"1:54",6,2
"577",39407,"2016-03-05","S1","TISDALE","2016-03-06","850",14.7,49,164,"1:56",6,2
"578",39408,"2016-03-05","S1","TISDALE","2016-03-06","314",14.1,35.6,145,"1:21",4,2
"579",39409,"2016-03-05","S1","TISDALE","2016-03-06","314",14.1,85.3,197,"1:21",4,2
"580",39410,"2016-03-05","S1","TISDALE","2016-03-06","314",14.1,69.5,182,"1:22",4,2
"581",39411,"2016-03-05","S1","TISDALE","2016-03-06","314",14.1,26.4,137,"1:24",4,2
"582",39412,"2016-03-05","S1","TISDALE","2016-03-06","314",14.1,32.5,144,"1:27",4,2
"583",39413,"2016-03-05","S1","TISDALE","2016-03-06","314",14.1,38.2,153,"1:29",4,2
"584",39414,"2016-03-05","S1","TISDALE","2016-03-06","314",14.1,45.1,162,"2:00",4,2
"585",39415,"2016-03-05","S1","TISDALE","2016-03-06","314",14.1,67.4,164,"2:07",4,2
"586",39416,"2016-03-05","S1","TISDALE","2016-03-06","314",14.1,58.2,177,"2:07",4,2
"587",39417,"2016-03-05","S1","TISDALE","2016-03-06","314",14.1,37,153,"2:20",4,2
"588",39418,"2016-03-05","S1","TISDALE","2016-03-06","314",14.1,41.6,157,"2:13",4,2
"589",39419,"2016-03-05","S1","TISDALE","2016-03-06","314",14.1,49.7,166,"1:48",4,2
"590",39420,"2016-03-05","S1","TISDALE","2016-03-06","314",14.1,27.2,136,"2:05",4,2
"591",39421,"2016-03-05","S1","TISDALE","2016-03-06","314",14.1,62.2,181,"1:38",4,2
"592",39423,"2016-03-05","S1","TISDALE","2016-03-06","314",14.1,63.9,189,"1:56",4,2
"593",39424,"2016-03-05","S1","TISDALE","2016-03-06","306",14.1,69.8,180,"1:55",2,2
"594",39425,"2016-03-05","S1","TISDALE","2016-03-06","306",14.1,35,148,"1:27",2,2
"595",39426,"2016-03-05","S1","TISDALE","2016-03-06","306",14.1,53.2,171,"1:41",2,2
"596",39427,"2016-03-05","S1","TISDALE","2016-03-06","306",14.1,74.6,183,"1:38",2,2
"597",39428,"2016-03-05","S1","TISDALE","2016-03-06","306",14.1,87.6,198,"1:39",2,2
"598",39429,"2016-03-05","S1","TISDALE","2016-03-06","306",14.1,54.1,171,"1:34",2,2
"599",39430,"2016-03-05","S1","TISDALE","2016-03-06","306",14.1,43.9,163,"1:24",2,2
"600",39431,"2016-03-05","S1","TISDALE","2016-03-06","306",14.1,36,152,"2:07",2,2
"601",39432,"2016-03-05","S1","TISDALE","2016-03-06","306",14.1,65.1,184,"1:59",2,2
"602",39433,"2016-03-05","S1","TISDALE","2016-03-06","306",14.1,41.5,156,"1:47",2,2
"603",39434,"2016-03-05","S1","TISDALE","2016-03-06","306",14.1,94,197,"2:20",2,2
"604",39435,"2016-03-05","S1","TISDALE","2016-03-06","306",14.1,45,156,"2:18",2,2
"605",39436,"2016-03-05","S1","TISDALE","2016-03-06","306",14.1,51.6,165,"2:13",2,2
"606",39437,"2016-03-05","S1","TISDALE","2016-03-06","306",14.1,47.7,169,"1:56",2,2
"607",39439,"2016-03-05","S1","TISDALE","2016-03-06","306",14.1,61.5,177,"1:55",2,2
"608",39440,"2016-03-10","T1","TISDALE","2016-03-11","7",11,46.2,158,"1:36",2,3
"609",39441,"2016-03-10","T1","TISDALE","2016-03-11","7",11,52.8,165,"1:29",2,3
"610",39443,"2016-03-10","T1","TISDALE","2016-03-11","7",11,35.2,150,"1:37",2,3
"611",39444,"2016-03-10","T1","TISDALE","2016-03-11","7",11,46.9,165,"1:43",2,3
"612",39445,"2016-03-10","T1","TISDALE","2016-03-11","7",11,36.5,148,"1:31",2,3
"613",39446,"2016-03-10","T3","TISDALE","2016-03-11","755",12.7,56,172,"1:27",9,3
"614",39447,"2016-03-10","T3","TISDALE","2016-03-11","802",12.7,43.7,167,"1:33",11,3
"615",39449,"2016-03-10","T1","TISDALE","2016-03-11","13",11,52.6,173,"1:48",4,3
"616",39450,"2016-03-10","T1","TISDALE","2016-03-11","13",11,53.2,170,"1:31",4,3
"617",39451,"2016-03-10","T1","TISDALE","2016-03-11","13",11,30.3,140,"1:43",4,3
"618",39452,"2016-03-10","T1","TISDALE","2016-03-11","13",11,55.1,174,"1:20",4,3
"619",39453,"2016-03-10","T1","TISDALE","2016-03-11","13",11,101.3,208,"1:31",4,3
"620",39454,"2016-03-10","T2","TISDALE","2016-03-11","405",11,49,163,"1:27",6,3
"621",39455,"2016-03-10","T2","TISDALE","2016-03-11","405",11,47.5,163,"1:48",6,3
"622",39456,"2016-03-10","T2","TISDALE","2016-03-11","405",11,46.9,169,"1:40",6,3
"623",39457,"2016-03-10","T2","TISDALE","2016-03-11","405",11,71.6,186,"1:17",6,3
"624",39459,"2016-03-10","T2","TISDALE","2016-03-11","405",11,28,139,"1:28",6,3
"625",39460,"2016-03-10","T2","TISDALE","2016-03-11","405",11,66.8,184,"1:25",6,3
"626",39461,"2016-03-10","T2","TISDALE","2016-03-11","411",11,58.4,175,"1:11",8,3
"627",39462,"2016-03-10","T2","TISDALE","2016-03-11","411",11,29.7,141,"",8,3
"628",39463,"2016-03-10","T2","TISDALE","2016-03-11","411",11,49.8,165,"1:19",8,3
"629",39464,"2016-03-10","T2","TISDALE","2016-03-11","411",11,24.3,130,"1:27",8,3
"630",39465,"2016-03-10","T2","TISDALE","2016-03-11","411",11,49,167,"",8,3
"631",39466,"2016-03-10","T2","TISDALE","2016-03-11","411",11,49.9,166,"1:25",8,3
"632",39467,"2016-03-10","T3","TISDALE","2016-03-11","759",12.7,52.9,174,"1:25",10,3
"633",39468,"2016-03-10","T3","TISDALE","2016-03-11","759",12.7,35.8,152,"1:30",10,3
"634",39469,"2016-03-10","T3","TISDALE","2016-03-11","759",12.7,65.6,186,"1:33",10,3
"635",39470,"2016-03-10","T3","TISDALE","2016-03-11","759",12.7,32.1,145,"1:34",10,3
"636",39471,"2016-03-10","T3","TISDALE","2016-03-11","759",12.7,74.1,188,"1:32",10,3
"637",39473,"2016-03-10","T3","TISDALE","2016-03-11","759",12.7,26.5,140,"1:31",10,3
"638",39474,"2016-03-10","T3","TISDALE","2016-03-11","803",12.7,47.1,167,"1:27",12,3
"639",39475,"2016-03-10","T3","TISDALE","2016-03-11","803",12.7,30.9,147,"1:26",12,3
"640",39476,"2016-03-10","T3","TISDALE","2016-03-11","803",12.7,60.5,179,"1:28",12,3
"641",39477,"2016-03-10","T3","TISDALE","2016-03-11","803",12.7,30.3,145,"1:24",12,3
"642",39478,"2016-03-10","T3","TISDALE","2016-03-11","803",12.7,42.5,157,"1:25",12,3
"643",39484,"2016-03-10","T1","TISDALE","2016-03-11","7",11,55,168,"2:00",2,3
"644",39485,"2016-03-10","T1","TISDALE","2016-03-11","7",11,45.2,161,"2:05",2,3
"645",39486,"2016-03-10","T1","TISDALE","2016-03-11","7",11,51.3,166,"2:04",2,3
"646",39487,"2016-03-10","T1","TISDALE","2016-03-11","7",11,60.2,179,"1:50",2,3
"647",39488,"2016-03-10","T1","TISDALE","2016-03-11","7",11,29.3,143,"2:06",2,3
"648",39490,"2016-03-10","T2","TISDALE","2016-03-11","405",11,64,181,"1:51",6,3
"649",39491,"2016-03-10","T1","TISDALE","2016-03-11","13",11,84.7,191,"2:07",4,3
"650",39492,"2016-03-10","T1","TISDALE","2016-03-11","13",11,53.7,175,"2:39",4,3
"651",39493,"2016-03-10","T1","TISDALE","2016-03-11","13",11,58.1,173,"1:42",4,3
"652",39494,"2016-03-10","T1","TISDALE","2016-03-11","13",11,38.2,154,"2:12",4,3
"653",39495,"2016-03-10","T1","TISDALE","2016-03-11","13",11,41.8,155,"1:22",4,3
"654",39496,"2016-03-10","T2","TISDALE","2016-03-11","402",11,92.4,201,"2:01",5,3
"655",39497,"2016-03-10","T2","TISDALE","2016-03-11","402",11,44.6,161,"2:02",5,3
"656",39498,"2016-03-10","T2","TISDALE","2016-03-11","402",11,51.4,169,"2:03",5,3
"657",39499,"2016-03-10","T2","TISDALE","2016-03-11","402",11,67.1,180,"1:58",5,3
"658",39500,"2016-03-10","T2","TISDALE","2016-03-11","402",11,72.2,186,"2:04",5,3
"659",39501,"2016-03-10","T2","TISDALE","2016-03-11","409",11,49.7,165,"2:00",7,3
"660",39502,"2016-03-10","T2","TISDALE","2016-03-11","409",11,39.2,155,"3:12",7,3
"661",39503,"2016-03-10","T2","TISDALE","2016-03-11","409",11,43.4,161,"2:08",7,3
"662",39504,"2016-03-10","T2","TISDALE","2016-03-11","409",11,53.9,170,"1:50",7,3
"663",39505,"2016-03-10","T2","TISDALE","2016-03-11","409",11,28.9,138,"2:26",7,3
"664",39506,"2016-03-10","T2","TISDALE","2016-03-11","411",11,88.2,206,"2:11",8,3
"665",39526,"2016-03-14","S1","TISDALE","2016-03-16","159",11.4,99.8,207,"2:06",2,4
"666",39529,"2016-03-14","S1","TISDALE","2016-03-16","159",11.4,33.7,149,"1:25",2,4
"667",39530,"2016-03-14","S1","TISDALE","2016-03-16","159",11.4,64.3,184,"1:22",2,4
"668",39531,"2016-03-14","S1","TISDALE","2016-03-16","159",11.4,116.8,218,"1:45",2,4
"669",39532,"2016-03-14","S1","TISDALE","2016-03-16","159",11.4,29.8,138,"1:48",2,4
"670",39533,"2016-03-14","S1","TISDALE","2016-03-16","159",11.4,43.7,162,"1:40",2,4
"671",39572,"2016-03-14","S1","TISDALE","2016-03-16","159",11.4,41.5,158,"2:02",2,4
"672",39573,"2016-03-14","S1","TISDALE","2016-03-16","159",11.4,68.9,191,"2:11",2,4
"673",39574,"2016-03-14","S1","TISDALE","2016-03-16","159",11.4,57,177,"2:13",2,4
"674",39576,"2016-03-14","S1","TISDALE","2016-03-16","159",11.4,22.5,127,"2:08",2,4
"675",39577,"2016-03-14","S1","TISDALE","2016-03-16","159",11.4,47.4,169,"2:27",2,4
"676",39578,"2016-03-14","S1","TISDALE","2016-03-16","159",11.4,43,164,"2:06",2,4
"677",39579,"2016-03-14","S1","TISDALE","2016-03-15","1800",11.4,45.2,166,"2:11",1,4
"678",39592,"2016-03-16","S1","TISDALE","2016-03-18","200",12.2,75.2,190,"2:08",1,5
"679",39593,"2016-03-16","S1","TISDALE","2016-03-18","200",12.2,50.8,171,"1:59",1,5
"680",39594,"2016-03-16","S1","TISDALE","2016-03-18","200",12.2,84.6,197,"2:04",1,5
"681",39595,"2016-03-16","S1","TISDALE","2016-03-18","200",12.2,54.5,174,"1:53",1,5
"682",39596,"2016-03-16","S1","TISDALE","2016-03-18","200",12.2,38.1,153,"2:10",1,5
"683",39597,"2016-03-16","S1","TISDALE","2016-03-18","200",12.2,52.3,172,"2:12",1,5
"684",39598,"2016-03-16","S1","TISDALE","2016-03-18","200",12.2,87.3,199,"2:02",1,5
"685",39608,"2016-03-16","S1","TISDALE","2016-03-18","200",12.2,46.5,164,"1:15",1,5
"686",39609,"2016-03-16","S1","TISDALE","2016-03-18","200",12.2,33.6,150,"1:26",1,5
"687",39610,"2016-03-16","S1","TISDALE","2016-03-18","200",12.2,44.2,163,"1:58",1,5
"688",39612,"2016-03-16","S1","TISDALE","2016-03-18","200",12.2,35.8,151,"1:08",1,5
"689",39613,"2016-03-16","S1","TISDALE","2016-03-18","200",12.2,54.1,167,"1:25",1,5
"690",39616,"2016-03-16","S1","TISDALE","2016-03-18","200",12.2,87.3,203,"1:22",1,5
"691",39674,"2016-03-10","T1","TISDALE","2016-03-11","3",11,46.5,166,"2:01",1,3
"692",39849,"2016-03-10","T3","TISDALE","2016-03-11","759",12.7,31.4,148,"1:53",10,3
"693",39852,"2016-03-10","T3","TISDALE","2016-03-11","759",12.7,38.2,149,"1:52",10,3
"694",39853,"2016-03-10","T3","TISDALE","2016-03-11","759",12.7,31.3,146,"2:42",10,3
"695",39854,"2016-03-10","T3","TISDALE","2016-03-11","759",12.7,46.8,163,"2:11",10,3
"696",39855,"2016-03-10","T3","TISDALE","2016-03-11","759",12.7,74.3,191,"1:59",10,3
"697",39856,"2016-03-10","T3","TISDALE","2016-03-11","759",12.7,36.8,146,"1:58",10,3
"698",39857,"2016-03-10","T3","TISDALE","2016-03-11","802",12.7,54.9,173,"1:54",11,3
"699",39858,"2016-03-10","T3","TISDALE","2016-03-11","802",12.7,33,149,"3:04",11,3
"700",39859,"2016-03-10","T3","TISDALE","2016-03-11","802",12.7,93.3,203,"2:13",11,3
"701",39860,"2016-03-10","T3","TISDALE","2016-03-11","802",12.7,44.5,166,"2:00",11,3
