RelEv,CanID,TagID,RelLoc,RelDate,RelTime
1,1,36186,TISDALE,2016-02-21,0533
1,1,36341,TISDALE,2016-02-21,0533
1,1,36342,TISDALE,2016-02-21,0533
1,1,36344,TISDALE,2016-02-21,0533
1,1,36345,TISDALE,2016-02-21,0533
1,1,36346,TISDALE,2016-02-21,0533
1,1,36347,TISDALE,2016-02-21,0533
1,1,36381,TISDALE,2016-02-21,0533
1,1,36382,TISDALE,2016-02-21,0533
1,1,36383,TISDALE,2016-02-21,0533
1,1,36384,TISDALE,2016-02-21,0533
1,1,36385,TISDALE,2016-02-21,0533
1,1,36387,TISDALE,2016-02-21,0533
1,1,36388,TISDALE,2016-02-21,0533
1,1,36389,TISDALE,2016-02-21,0533
1,2,36494,TISDALE,2016-02-21,0536
1,2,36495,TISDALE,2016-02-21,0536
1,2,36497,TISDALE,2016-02-21,0536
1,2,36498,TISDALE,2016-02-21,0536
1,2,36499,TISDALE,2016-02-21,0536
1,2,36501,TISDALE,2016-02-21,0536
1,2,36502,TISDALE,2016-02-21,0536
1,2,36503,TISDALE,2016-02-21,0536
1,2,36646,TISDALE,2016-02-21,0536
1,2,36647,TISDALE,2016-02-21,0536
1,2,36648,TISDALE,2016-02-21,0536
1,2,36649,TISDALE,2016-02-21,0536
1,2,36650,TISDALE,2016-02-21,0536
1,2,36651,TISDALE,2016-02-21,0536
1,2,36644,TISDALE,2016-02-21,0536
1,3,36352,TISDALE,2016-02-21,0538
1,3,36354,TISDALE,2016-02-21,0538
1,3,36355,TISDALE,2016-02-21,0538
1,3,36358,TISDALE,2016-02-21,0538
1,3,36359,TISDALE,2016-02-21,0538
1,3,36360,TISDALE,2016-02-21,0538
1,3,36361,TISDALE,2016-02-21,0538
1,3,36390,TISDALE,2016-02-21,0538
1,3,36391,TISDALE,2016-02-21,0538
1,3,36392,TISDALE,2016-02-21,0538
1,3,36393,TISDALE,2016-02-21,0538
1,3,36394,TISDALE,2016-02-21,0538
1,3,36395,TISDALE,2016-02-21,0538
1,3,36396,TISDALE,2016-02-21,0538
1,3,36397,TISDALE,2016-02-21,0538
1,4,36504,TISDALE,2016-02-21,0530
1,4,36505,TISDALE,2016-02-21,0530
1,4,36506,TISDALE,2016-02-21,0530
1,4,36507,TISDALE,2016-02-21,0530
1,4,36508,TISDALE,2016-02-21,0530
1,4,36509,TISDALE,2016-02-21,0530
1,4,36511,TISDALE,2016-02-21,0530
1,4,36513,TISDALE,2016-02-21,0530
1,4,36638,TISDALE,2016-02-21,0530
1,4,36639,TISDALE,2016-02-21,0530
1,4,36640,TISDALE,2016-02-21,0530
1,4,36641,TISDALE,2016-02-21,0530
1,4,36642,TISDALE,2016-02-21,0530
1,4,36634,TISDALE,2016-02-21,0530
1,4,36635,TISDALE,2016-02-21,0530
1,5,36483,TISDALE,2016-02-21,1039
1,5,36484,TISDALE,2016-02-21,1039
1,5,36485,TISDALE,2016-02-21,1039
1,5,36486,TISDALE,2016-02-21,1039
1,5,36487,TISDALE,2016-02-21,1039
1,5,36488,TISDALE,2016-02-21,1039
1,5,36491,TISDALE,2016-02-21,1039
1,5,36492,TISDALE,2016-02-21,1039
1,5,36447,TISDALE,2016-02-21,1039
1,5,36448,TISDALE,2016-02-21,1039
1,5,36450,TISDALE,2016-02-21,1039
1,5,36451,TISDALE,2016-02-21,1039
1,5,36453,TISDALE,2016-02-21,1039
1,5,36454,TISDALE,2016-02-21,1039
1,5,36353,TISDALE,2016-02-21,1039
1,6,36737,TISDALE,2016-02-21,1043
1,6,36738,TISDALE,2016-02-21,1043
1,6,36739,TISDALE,2016-02-21,1043
1,6,36740,TISDALE,2016-02-21,1043
1,6,36741,TISDALE,2016-02-21,1043
1,6,36742,TISDALE,2016-02-21,1043
1,6,36736,TISDALE,2016-02-21,1043
1,6,36537,TISDALE,2016-02-21,1043
1,6,36581,TISDALE,2016-02-21,1043
1,6,36583,TISDALE,2016-02-21,1043
1,6,36584,TISDALE,2016-02-21,1043
1,6,36585,TISDALE,2016-02-21,1043
1,6,36586,TISDALE,2016-02-21,1043
1,6,36587,TISDALE,2016-02-21,1043
1,6,36588,TISDALE,2016-02-21,1043
1,7,36473,TISDALE,2016-02-21,1046
1,7,36474,TISDALE,2016-02-21,1046
1,7,36475,TISDALE,2016-02-21,1046
1,7,36476,TISDALE,2016-02-21,1046
1,7,36478,TISDALE,2016-02-21,1046
1,7,36480,TISDALE,2016-02-21,1046
1,7,36481,TISDALE,2016-02-21,1046
1,7,36482,TISDALE,2016-02-21,1046
1,7,36589,TISDALE,2016-02-21,1046
1,7,36590,TISDALE,2016-02-21,1046
1,7,36593,TISDALE,2016-02-21,1046
1,7,36594,TISDALE,2016-02-21,1046
1,7,36595,TISDALE,2016-02-21,1046
1,7,36596,TISDALE,2016-02-21,1046
1,7,36597,TISDALE,2016-02-21,1046
1,8,36672,TISDALE,2016-02-21,1049
1,8,36675,TISDALE,2016-02-21,1049
1,8,36676,TISDALE,2016-02-21,1049
1,8,36677,TISDALE,2016-02-21,1049
1,8,36735,TISDALE,2016-02-21,1049
1,8,36669,TISDALE,2016-02-21,1049
1,8,36671,TISDALE,2016-02-21,1049
1,8,36441,TISDALE,2016-02-21,1049
1,8,36442,TISDALE,2016-02-21,1049
1,8,36443,TISDALE,2016-02-21,1049
1,8,36444,TISDALE,2016-02-21,1049
1,8,36445,TISDALE,2016-02-21,1049
1,8,36446,TISDALE,2016-02-21,1049
1,8,36439,TISDALE,2016-02-21,1049
1,8,36440,TISDALE,2016-02-21,1049
1,9,36398,TISDALE,2016-02-21,1654
1,9,36400,TISDALE,2016-02-21,1654
1,9,36401,TISDALE,2016-02-21,1654
1,9,36407,TISDALE,2016-02-21,1654
1,9,36409,TISDALE,2016-02-21,1654
1,9,36410,TISDALE,2016-02-21,1654
1,9,36411,TISDALE,2016-02-21,1654
1,9,36412,TISDALE,2016-02-21,1654
1,9,36362,TISDALE,2016-02-21,1654
1,9,36364,TISDALE,2016-02-21,1654
1,9,36366,TISDALE,2016-02-21,1654
1,9,36367,TISDALE,2016-02-21,1654
1,9,36368,TISDALE,2016-02-21,1654
1,9,36369,TISDALE,2016-02-21,1654
1,9,36370,TISDALE,2016-02-21,1654
1,10,36598,TISDALE,2016-02-21,1658
1,10,36599,TISDALE,2016-02-21,1658
1,10,36601,TISDALE,2016-02-21,1658
1,10,36602,TISDALE,2016-02-21,1658
1,10,36603,TISDALE,2016-02-21,1658
1,10,36604,TISDALE,2016-02-21,1658
1,10,36605,TISDALE,2016-02-21,1658
1,10,36514,TISDALE,2016-02-21,1658
1,10,36515,TISDALE,2016-02-21,1658
1,10,36516,TISDALE,2016-02-21,1658
1,10,36517,TISDALE,2016-02-21,1658
1,10,36518,TISDALE,2016-02-21,1658
1,10,36519,TISDALE,2016-02-21,1658
1,10,36520,TISDALE,2016-02-21,1658
1,10,36521,TISDALE,2016-02-21,1658
1,11,36413,TISDALE,2016-02-21,1702
1,11,36416,TISDALE,2016-02-21,1702
1,11,36419,TISDALE,2016-02-21,1702
1,11,36420,TISDALE,2016-02-21,1702
1,11,36421,TISDALE,2016-02-21,1702
1,11,36422,TISDALE,2016-02-21,1702
1,11,36423,TISDALE,2016-02-21,1702
1,11,36424,TISDALE,2016-02-21,1702
1,11,36371,TISDALE,2016-02-21,1702
1,11,36372,TISDALE,2016-02-21,1702
1,11,36374,TISDALE,2016-02-21,1702
1,11,36376,TISDALE,2016-02-21,1702
1,11,36377,TISDALE,2016-02-21,1702
1,11,36379,TISDALE,2016-02-21,1702
1,11,36380,TISDALE,2016-02-21,1702
1,12,36606,TISDALE,2016-02-21,1706
1,12,36608,TISDALE,2016-02-21,1706
1,12,36609,TISDALE,2016-02-21,1706
1,12,36610,TISDALE,2016-02-21,1706
1,12,36611,TISDALE,2016-02-21,1706
1,12,36612,TISDALE,2016-02-21,1706
1,12,36613,TISDALE,2016-02-21,1706
1,12,36525,TISDALE,2016-02-21,1706
1,12,36526,TISDALE,2016-02-21,1706
1,12,36528,TISDALE,2016-02-21,1706
1,12,36351,TISDALE,2016-02-21,1706
1,12,36531,TISDALE,2016-02-21,1706
1,12,36532,TISDALE,2016-02-21,1706
1,12,36534,TISDALE,2016-02-21,1706
1,12,36536,TISDALE,2016-02-21,1706
1,13,36465,TISDALE,2016-02-21,2300
1,13,36466,TISDALE,2016-02-21,2300
1,13,36467,TISDALE,2016-02-21,2300
1,13,36468,TISDALE,2016-02-21,2300
1,13,36469,TISDALE,2016-02-21,2300
1,13,36470,TISDALE,2016-02-21,2300
1,13,36471,TISDALE,2016-02-21,2300
1,13,36472,TISDALE,2016-02-21,2300
1,13,36425,TISDALE,2016-02-21,2300
1,13,36426,TISDALE,2016-02-21,2300
1,13,36427,TISDALE,2016-02-21,2300
1,13,36428,TISDALE,2016-02-21,2300
1,13,36429,TISDALE,2016-02-21,2300
1,13,36431,TISDALE,2016-02-21,2300
1,13,36432,TISDALE,2016-02-21,2300
1,14,36663,TISDALE,2016-02-21,2304
1,14,36664,TISDALE,2016-02-21,2304
1,14,36665,TISDALE,2016-02-21,2304
1,14,36666,TISDALE,2016-02-21,2304
1,14,36667,TISDALE,2016-02-21,2304
1,14,36668,TISDALE,2016-02-21,2304
1,14,36662,TISDALE,2016-02-21,2304
1,14,36626,TISDALE,2016-02-21,2304
1,14,36628,TISDALE,2016-02-21,2304
1,14,36629,TISDALE,2016-02-21,2304
1,14,36630,TISDALE,2016-02-21,2304
1,14,36631,TISDALE,2016-02-21,2304
1,14,36632,TISDALE,2016-02-21,2304
1,14,36633,TISDALE,2016-02-21,2304
1,14,36624,TISDALE,2016-02-21,2304
1,15,36456,TISDALE,2016-02-21,2307
1,15,36457,TISDALE,2016-02-21,2307
1,15,36458,TISDALE,2016-02-21,2307
1,15,36459,TISDALE,2016-02-21,2307
1,15,36460,TISDALE,2016-02-21,2307
1,15,36462,TISDALE,2016-02-21,2307
1,15,36463,TISDALE,2016-02-21,2307
1,15,36464,TISDALE,2016-02-21,2307
1,15,36433,TISDALE,2016-02-21,2307
1,15,36434,TISDALE,2016-02-21,2307
1,15,36435,TISDALE,2016-02-21,2307
1,15,36436,TISDALE,2016-02-21,2307
1,15,36437,TISDALE,2016-02-21,2307
1,15,36438,TISDALE,2016-02-21,2307
1,15,36623,TISDALE,2016-02-21,2307
1,16,36654,TISDALE,2016-02-21,2311
1,16,36655,TISDALE,2016-02-21,2311
1,16,36656,TISDALE,2016-02-21,2311
1,16,36657,TISDALE,2016-02-21,2311
1,16,36660,TISDALE,2016-02-21,2311
1,16,36652,TISDALE,2016-02-21,2311
1,16,36653,TISDALE,2016-02-21,2311
1,16,36614,TISDALE,2016-02-21,2311
1,16,36615,TISDALE,2016-02-21,2311
1,16,36616,TISDALE,2016-02-21,2311
1,16,36617,TISDALE,2016-02-21,2311
1,16,36618,TISDALE,2016-02-21,2311
1,16,36619,TISDALE,2016-02-21,2311
1,16,36621,TISDALE,2016-02-21,2311
1,16,36622,TISDALE,2016-02-21,2311
2,1,38787,TISDALE,2016-03-06,0301
2,1,38788,TISDALE,2016-03-06,0301
2,1,38789,TISDALE,2016-03-06,0301
2,1,38790,TISDALE,2016-03-06,0301
2,1,38791,TISDALE,2016-03-06,0301
2,1,38792,TISDALE,2016-03-06,0301
2,1,38793,TISDALE,2016-03-06,0301
2,1,38794,TISDALE,2016-03-06,0301
2,1,38780,TISDALE,2016-03-06,0301
2,1,38781,TISDALE,2016-03-06,0301
2,1,38782,TISDALE,2016-03-06,0301
2,1,38783,TISDALE,2016-03-06,0301
2,1,38784,TISDALE,2016-03-06,0301
2,1,38785,TISDALE,2016-03-06,0301
2,1,38786,TISDALE,2016-03-06,0301
2,2,39424,TISDALE,2016-03-06,0306
2,2,39425,TISDALE,2016-03-06,0306
2,2,39426,TISDALE,2016-03-06,0306
2,2,39427,TISDALE,2016-03-06,0306
2,2,39428,TISDALE,2016-03-06,0306
2,2,39429,TISDALE,2016-03-06,0306
2,2,39430,TISDALE,2016-03-06,0306
2,2,39431,TISDALE,2016-03-06,0306
2,2,39432,TISDALE,2016-03-06,0306
2,2,39433,TISDALE,2016-03-06,0306
2,2,39434,TISDALE,2016-03-06,0306
2,2,39435,TISDALE,2016-03-06,0306
2,2,39436,TISDALE,2016-03-06,0306
2,2,39437,TISDALE,2016-03-06,0306
2,2,39439,TISDALE,2016-03-06,0306
2,3,38817,TISDALE,2016-03-06,0311
2,3,38818,TISDALE,2016-03-06,0311
2,3,38819,TISDALE,2016-03-06,0311
2,3,38820,TISDALE,2016-03-06,0311
2,3,38821,TISDALE,2016-03-06,0311
2,3,38823,TISDALE,2016-03-06,0311
2,3,38824,TISDALE,2016-03-06,0311
2,3,38826,TISDALE,2016-03-06,0311
2,3,38795,TISDALE,2016-03-06,0311
2,3,38796,TISDALE,2016-03-06,0311
2,3,38797,TISDALE,2016-03-06,0311
2,3,38798,TISDALE,2016-03-06,0311
2,3,38799,TISDALE,2016-03-06,0311
2,3,38815,TISDALE,2016-03-06,0311
2,3,38816,TISDALE,2016-03-06,0311
2,4,39408,TISDALE,2016-03-06,0314
2,4,39409,TISDALE,2016-03-06,0314
2,4,39410,TISDALE,2016-03-06,0314
2,4,39411,TISDALE,2016-03-06,0314
2,4,39412,TISDALE,2016-03-06,0314
2,4,39413,TISDALE,2016-03-06,0314
2,4,39414,TISDALE,2016-03-06,0314
2,4,39415,TISDALE,2016-03-06,0314
2,4,39416,TISDALE,2016-03-06,0314
2,4,39417,TISDALE,2016-03-06,0314
2,4,39418,TISDALE,2016-03-06,0314
2,4,39419,TISDALE,2016-03-06,0314
2,4,39420,TISDALE,2016-03-06,0314
2,4,39421,TISDALE,2016-03-06,0314
2,4,39423,TISDALE,2016-03-06,0314
2,5,38836,TISDALE,2016-03-06,0846
2,5,38837,TISDALE,2016-03-06,0846
2,5,38838,TISDALE,2016-03-06,0846
2,5,38839,TISDALE,2016-03-06,0846
2,5,38840,TISDALE,2016-03-06,0846
2,5,38841,TISDALE,2016-03-06,0846
2,5,38842,TISDALE,2016-03-06,0846
2,5,38827,TISDALE,2016-03-06,0846
2,5,38828,TISDALE,2016-03-06,0846
2,5,38829,TISDALE,2016-03-06,0846
2,5,38831,TISDALE,2016-03-06,0846
2,5,38832,TISDALE,2016-03-06,0846
2,5,38833,TISDALE,2016-03-06,0846
2,5,38834,TISDALE,2016-03-06,0846
2,5,38835,TISDALE,2016-03-06,0846
2,6,39390,TISDALE,2016-03-06,0850
2,6,39391,TISDALE,2016-03-06,0850
2,6,39393,TISDALE,2016-03-06,0850
2,6,39394,TISDALE,2016-03-06,0850
2,6,39395,TISDALE,2016-03-06,0850
2,6,39397,TISDALE,2016-03-06,0850
2,6,39398,TISDALE,2016-03-06,0850
2,6,39399,TISDALE,2016-03-06,0850
2,6,39400,TISDALE,2016-03-06,0850
2,6,39401,TISDALE,2016-03-06,0850
2,6,39402,TISDALE,2016-03-06,0850
2,6,39403,TISDALE,2016-03-06,0850
2,6,39404,TISDALE,2016-03-06,0850
2,6,39406,TISDALE,2016-03-06,0850
2,6,39407,TISDALE,2016-03-06,0850
2,7,38851,TISDALE,2016-03-06,0855
2,7,38852,TISDALE,2016-03-06,0855
2,7,38853,TISDALE,2016-03-06,0855
2,7,38854,TISDALE,2016-03-06,0855
2,7,38855,TISDALE,2016-03-06,0855
2,7,38856,TISDALE,2016-03-06,0855
2,7,38857,TISDALE,2016-03-06,0855
2,7,38843,TISDALE,2016-03-06,0855
2,7,38844,TISDALE,2016-03-06,0855
2,7,38845,TISDALE,2016-03-06,0855
2,7,38846,TISDALE,2016-03-06,0855
2,7,38847,TISDALE,2016-03-06,0855
2,7,38848,TISDALE,2016-03-06,0855
2,7,38849,TISDALE,2016-03-06,0855
2,7,38850,TISDALE,2016-03-06,0855
2,8,39375,TISDALE,2016-03-06,0859
2,8,39376,TISDALE,2016-03-06,0859
2,8,39377,TISDALE,2016-03-06,0859
2,8,39378,TISDALE,2016-03-06,0859
2,8,39379,TISDALE,2016-03-06,0859
2,8,39380,TISDALE,2016-03-06,0859
2,8,39381,TISDALE,2016-03-06,0859
2,8,39382,TISDALE,2016-03-06,0859
2,8,39383,TISDALE,2016-03-06,0859
2,8,39384,TISDALE,2016-03-06,0859
2,8,39385,TISDALE,2016-03-06,0859
2,8,39386,TISDALE,2016-03-06,0859
2,8,39387,TISDALE,2016-03-06,0859
2,8,39388,TISDALE,2016-03-06,0859
2,8,39389,TISDALE,2016-03-06,0859
2,9,38865,TISDALE,2016-03-06,1433
2,9,38866,TISDALE,2016-03-06,1433
2,9,38867,TISDALE,2016-03-06,1433
2,9,38868,TISDALE,2016-03-06,1433
2,9,38869,TISDALE,2016-03-06,1433
2,9,38870,TISDALE,2016-03-06,1433
2,9,38871,TISDALE,2016-03-06,1433
2,9,38872,TISDALE,2016-03-06,1433
2,9,38858,TISDALE,2016-03-06,1433
2,9,38859,TISDALE,2016-03-06,1433
2,9,38860,TISDALE,2016-03-06,1433
2,9,38861,TISDALE,2016-03-06,1433
2,9,38862,TISDALE,2016-03-06,1433
2,9,38863,TISDALE,2016-03-06,1433
2,9,38864,TISDALE,2016-03-06,1433
2,10,39360,TISDALE,2016-03-06,1436
2,10,39361,TISDALE,2016-03-06,1436
2,10,39362,TISDALE,2016-03-06,1436
2,10,39363,TISDALE,2016-03-06,1436
2,10,39364,TISDALE,2016-03-06,1436
2,10,39365,TISDALE,2016-03-06,1436
2,10,39366,TISDALE,2016-03-06,1436
2,10,39367,TISDALE,2016-03-06,1436
2,10,39368,TISDALE,2016-03-06,1436
2,10,39369,TISDALE,2016-03-06,1436
2,10,39370,TISDALE,2016-03-06,1436
2,10,39371,TISDALE,2016-03-06,1436
2,10,39372,TISDALE,2016-03-06,1436
2,10,39373,TISDALE,2016-03-06,1436
2,10,39374,TISDALE,2016-03-06,1436
2,11,38882,TISDALE,2016-03-06,1439
2,11,38883,TISDALE,2016-03-06,1439
2,11,38884,TISDALE,2016-03-06,1439
2,11,36403,TISDALE,2016-03-06,1439
2,11,38887,TISDALE,2016-03-06,1439
2,11,38888,TISDALE,2016-03-06,1439
2,11,38889,TISDALE,2016-03-06,1439
2,11,38890,TISDALE,2016-03-06,1439
2,11,38873,TISDALE,2016-03-06,1439
2,11,38874,TISDALE,2016-03-06,1439
2,11,38875,TISDALE,2016-03-06,1439
2,11,38876,TISDALE,2016-03-06,1439
2,11,38878,TISDALE,2016-03-06,1439
2,11,38879,TISDALE,2016-03-06,1439
2,11,38880,TISDALE,2016-03-06,1439
2,12,39343,TISDALE,2016-03-06,1441
2,12,39344,TISDALE,2016-03-06,1441
2,12,39345,TISDALE,2016-03-06,1441
2,12,39346,TISDALE,2016-03-06,1441
2,12,39348,TISDALE,2016-03-06,1441
2,12,39349,TISDALE,2016-03-06,1441
2,12,39351,TISDALE,2016-03-06,1441
2,12,39352,TISDALE,2016-03-06,1441
2,12,39353,TISDALE,2016-03-06,1441
2,12,39354,TISDALE,2016-03-06,1441
2,12,39355,TISDALE,2016-03-06,1441
2,12,39356,TISDALE,2016-03-06,1441
2,12,39357,TISDALE,2016-03-06,1441
2,12,39358,TISDALE,2016-03-06,1441
2,12,39359,TISDALE,2016-03-06,1441
2,13,38901,TISDALE,2016-03-06,2100
2,13,38902,TISDALE,2016-03-06,2100
2,13,38903,TISDALE,2016-03-06,2100
2,13,38904,TISDALE,2016-03-06,2100
2,13,38905,TISDALE,2016-03-06,2100
2,13,38906,TISDALE,2016-03-06,2100
2,13,38907,TISDALE,2016-03-06,2100
2,13,38891,TISDALE,2016-03-06,2100
2,13,38892,TISDALE,2016-03-06,2100
2,13,38894,TISDALE,2016-03-06,2100
2,13,38895,TISDALE,2016-03-06,2100
2,13,38896,TISDALE,2016-03-06,2100
2,13,38897,TISDALE,2016-03-06,2100
2,13,38898,TISDALE,2016-03-06,2100
2,13,38899,TISDALE,2016-03-06,2100
2,14,39327,TISDALE,2016-03-06,2105
2,14,39328,TISDALE,2016-03-06,2105
2,14,39329,TISDALE,2016-03-06,2105
2,14,39330,TISDALE,2016-03-06,2105
2,14,39331,TISDALE,2016-03-06,2105
2,14,39332,TISDALE,2016-03-06,2105
2,14,39333,TISDALE,2016-03-06,2105
2,14,39334,TISDALE,2016-03-06,2105
2,14,39335,TISDALE,2016-03-06,2105
2,14,39336,TISDALE,2016-03-06,2105
2,14,39337,TISDALE,2016-03-06,2105
2,14,39338,TISDALE,2016-03-06,2105
2,14,39339,TISDALE,2016-03-06,2105
2,14,39340,TISDALE,2016-03-06,2105
2,14,39342,TISDALE,2016-03-06,2105
2,15,38917,TISDALE,2016-03-06,2108
2,15,38918,TISDALE,2016-03-06,2108
2,15,38920,TISDALE,2016-03-06,2108
2,15,38921,TISDALE,2016-03-06,2108
2,15,38922,TISDALE,2016-03-06,2108
2,15,38923,TISDALE,2016-03-06,2108
2,15,38924,TISDALE,2016-03-06,2108
2,15,38908,TISDALE,2016-03-06,2108
2,15,38909,TISDALE,2016-03-06,2108
2,15,38910,TISDALE,2016-03-06,2108
2,15,38911,TISDALE,2016-03-06,2108
2,15,38912,TISDALE,2016-03-06,2108
2,15,38914,TISDALE,2016-03-06,2108
2,15,38915,TISDALE,2016-03-06,2108
2,15,38916,TISDALE,2016-03-06,2108
2,16,39310,TISDALE,2016-03-06,2112
2,16,39311,TISDALE,2016-03-06,2112
2,16,39312,TISDALE,2016-03-06,2112
2,16,39314,TISDALE,2016-03-06,2112
2,16,39316,TISDALE,2016-03-06,2112
2,16,39317,TISDALE,2016-03-06,2112
2,16,39318,TISDALE,2016-03-06,2112
2,16,39319,TISDALE,2016-03-06,2112
2,16,39320,TISDALE,2016-03-06,2112
2,16,39321,TISDALE,2016-03-06,2112
2,16,39322,TISDALE,2016-03-06,2112
2,16,39323,TISDALE,2016-03-06,2112
2,16,39324,TISDALE,2016-03-06,2112
2,16,39325,TISDALE,2016-03-06,2112
2,16,39326,TISDALE,2016-03-06,2112
3,1,39674,TISDALE,2016-03-11,0003
3,1,38925,TISDALE,2016-03-11,0003
3,1,38926,TISDALE,2016-03-11,0003
3,1,38927,TISDALE,2016-03-11,0003
3,1,38928,TISDALE,2016-03-11,0003
3,1,38929,TISDALE,2016-03-11,0003
3,1,38967,TISDALE,2016-03-11,0003
3,1,38968,TISDALE,2016-03-11,0003
3,1,38969,TISDALE,2016-03-11,0003
3,1,38970,TISDALE,2016-03-11,0003
3,1,38971,TISDALE,2016-03-11,0003
3,1,38972,TISDALE,2016-03-11,0003
3,2,39440,TISDALE,2016-03-11,0007
3,2,39441,TISDALE,2016-03-11,0007
3,2,39443,TISDALE,2016-03-11,0007
3,2,39444,TISDALE,2016-03-11,0007
3,2,39445,TISDALE,2016-03-11,0007
3,2,36522,TISDALE,2016-03-11,0007
3,2,39484,TISDALE,2016-03-11,0007
3,2,39485,TISDALE,2016-03-11,0007
3,2,39486,TISDALE,2016-03-11,0007
3,2,39487,TISDALE,2016-03-11,0007
3,2,39488,TISDALE,2016-03-11,0007
3,3,36461,TISDALE,2016-03-11,0009
3,3,38931,TISDALE,2016-03-11,0009
3,3,38932,TISDALE,2016-03-11,0009
3,3,38933,TISDALE,2016-03-11,0009
3,3,38934,TISDALE,2016-03-11,0009
3,3,38935,TISDALE,2016-03-11,0009
3,3,38973,TISDALE,2016-03-11,0009
3,3,38974,TISDALE,2016-03-11,0009
3,3,38975,TISDALE,2016-03-11,0009
3,3,38976,TISDALE,2016-03-11,0009
3,3,38977,TISDALE,2016-03-11,0009
3,3,38978,TISDALE,2016-03-11,0009
3,4,39449,TISDALE,2016-03-11,0013
3,4,39450,TISDALE,2016-03-11,0013
3,4,39451,TISDALE,2016-03-11,0013
3,4,39452,TISDALE,2016-03-11,0013
3,4,39453,TISDALE,2016-03-11,0013
3,4,38930,TISDALE,2016-03-11,0013
3,4,36523,TISDALE,2016-03-11,0013
3,4,39491,TISDALE,2016-03-11,0013
3,4,39492,TISDALE,2016-03-11,0013
3,4,39493,TISDALE,2016-03-11,0013
3,4,39494,TISDALE,2016-03-11,0013
3,4,39495,TISDALE,2016-03-11,0013
3,5,36405,TISDALE,2016-03-11,0402
3,5,38936,TISDALE,2016-03-11,0402
3,5,38937,TISDALE,2016-03-11,0402
3,5,38938,TISDALE,2016-03-11,0402
3,5,38939,TISDALE,2016-03-11,0402
3,5,38940,TISDALE,2016-03-11,0402
3,5,39496,TISDALE,2016-03-11,0402
3,5,39497,TISDALE,2016-03-11,0402
3,5,39498,TISDALE,2016-03-11,0402
3,5,39499,TISDALE,2016-03-11,0402
3,5,39500,TISDALE,2016-03-11,0402
3,5,36529,TISDALE,2016-03-11,0402
3,6,39454,TISDALE,2016-03-11,0405
3,6,39455,TISDALE,2016-03-11,0405
3,6,39456,TISDALE,2016-03-11,0405
3,6,39457,TISDALE,2016-03-11,0405
3,6,39459,TISDALE,2016-03-11,0405
3,6,39460,TISDALE,2016-03-11,0405
3,6,38980,TISDALE,2016-03-11,0405
3,6,38981,TISDALE,2016-03-11,0405
3,6,38982,TISDALE,2016-03-11,0405
3,6,38984,TISDALE,2016-03-11,0405
3,6,38985,TISDALE,2016-03-11,0405
3,6,39490,TISDALE,2016-03-11,0405
3,7,36406,TISDALE,2016-03-11,0409
3,7,38941,TISDALE,2016-03-11,0409
3,7,38942,TISDALE,2016-03-11,0409
3,7,38943,TISDALE,2016-03-11,0409
3,7,38944,TISDALE,2016-03-11,0409
3,7,38945,TISDALE,2016-03-11,0409
3,7,39501,TISDALE,2016-03-11,0409
3,7,39502,TISDALE,2016-03-11,0409
3,7,39503,TISDALE,2016-03-11,0409
3,7,39504,TISDALE,2016-03-11,0409
3,7,39505,TISDALE,2016-03-11,0409
3,8,39461,TISDALE,2016-03-11,0411
3,8,39462,TISDALE,2016-03-11,0411
3,8,39463,TISDALE,2016-03-11,0411
3,8,39464,TISDALE,2016-03-11,0411
3,8,39465,TISDALE,2016-03-11,0411
3,8,39466,TISDALE,2016-03-11,0411
3,8,39506,TISDALE,2016-03-11,0411
3,8,36533,TISDALE,2016-03-11,0411
3,8,38986,TISDALE,2016-03-11,0411
3,8,38987,TISDALE,2016-03-11,0411
3,8,38988,TISDALE,2016-03-11,0411
3,8,38979,TISDALE,2016-03-11,0411
3,9,36408,TISDALE,2016-03-11,0755
3,9,38946,TISDALE,2016-03-11,0755
3,9,38947,TISDALE,2016-03-11,0755
3,9,38948,TISDALE,2016-03-11,0755
3,9,38949,TISDALE,2016-03-11,0755
3,9,39446,TISDALE,2016-03-11,0755
3,9,38989,TISDALE,2016-03-11,0755
3,9,38990,TISDALE,2016-03-11,0755
3,9,38991,TISDALE,2016-03-11,0755
3,9,38992,TISDALE,2016-03-11,0755
3,9,38993,TISDALE,2016-03-11,0755
3,9,38994,TISDALE,2016-03-11,0755
3,10,39467,TISDALE,2016-03-11,0759
3,10,39468,TISDALE,2016-03-11,0759
3,10,39469,TISDALE,2016-03-11,0759
3,10,39470,TISDALE,2016-03-11,0759
3,10,39471,TISDALE,2016-03-11,0759
3,10,39473,TISDALE,2016-03-11,0759
3,10,39852,TISDALE,2016-03-11,0759
3,10,39853,TISDALE,2016-03-11,0759
3,10,39854,TISDALE,2016-03-11,0759
3,10,39855,TISDALE,2016-03-11,0759
3,10,39856,TISDALE,2016-03-11,0759
3,10,39849,TISDALE,2016-03-11,0759
3,11,38950,TISDALE,2016-03-11,0802
3,11,38951,TISDALE,2016-03-11,0802
3,11,38952,TISDALE,2016-03-11,0802
3,11,38953,TISDALE,2016-03-11,0802
3,11,38954,TISDALE,2016-03-11,0802
3,11,39447,TISDALE,2016-03-11,0802
3,11,39857,TISDALE,2016-03-11,0802
3,11,39858,TISDALE,2016-03-11,0802
3,11,39859,TISDALE,2016-03-11,0802
3,11,39860,TISDALE,2016-03-11,0802
3,11,39283,TISDALE,2016-03-11,0802
3,11,39284,TISDALE,2016-03-11,0802
3,12,39474,TISDALE,2016-03-11,0803
3,12,39475,TISDALE,2016-03-11,0803
3,12,39476,TISDALE,2016-03-11,0803
3,12,39477,TISDALE,2016-03-11,0803
3,12,39478,TISDALE,2016-03-11,0803
3,12,39285,TISDALE,2016-03-11,0803
3,12,39287,TISDALE,2016-03-11,0803
3,12,39288,TISDALE,2016-03-11,0803
3,12,39289,TISDALE,2016-03-11,0803
3,12,39291,TISDALE,2016-03-11,0803
3,12,39292,TISDALE,2016-03-11,0803
3,13,38955,TOE DRAIN/TULE CANAL,2016-03-11,1406
3,13,38956,TOE DRAIN/TULE CANAL,2016-03-11,1406
3,13,38957,TOE DRAIN/TULE CANAL,2016-03-11,1406
3,13,38958,TOE DRAIN/TULE CANAL,2016-03-11,1406
3,13,38959,TOE DRAIN/TULE CANAL,2016-03-11,1406
3,13,39303,TOE DRAIN/TULE CANAL,2016-03-11,1406
3,13,39842,TOE DRAIN/TULE CANAL,2016-03-11,1406
3,13,39844,TOE DRAIN/TULE CANAL,2016-03-11,1406
3,13,39845,TOE DRAIN/TULE CANAL,2016-03-11,1406
3,13,39846,TOE DRAIN/TULE CANAL,2016-03-11,1406
3,13,39848,TOE DRAIN/TULE CANAL,2016-03-11,1406
3,14,39479,TOE DRAIN/TULE CANAL,2016-03-11,1407
3,14,39480,TOE DRAIN/TULE CANAL,2016-03-11,1407
3,14,39481,TOE DRAIN/TULE CANAL,2016-03-11,1407
3,14,39482,TOE DRAIN/TULE CANAL,2016-03-11,1407
3,14,39483,TOE DRAIN/TULE CANAL,2016-03-11,1407
3,14,39850,TOE DRAIN/TULE CANAL,2016-03-11,1407
3,14,39851,TOE DRAIN/TULE CANAL,2016-03-11,1407
3,14,39273,TOE DRAIN/TULE CANAL,2016-03-11,1407
3,14,39274,TOE DRAIN/TULE CANAL,2016-03-11,1407
3,14,39275,TOE DRAIN/TULE CANAL,2016-03-11,1407
3,14,39276,TOE DRAIN/TULE CANAL,2016-03-11,1407
3,15,38960,TOE DRAIN/TULE CANAL,2016-03-11,1412
3,15,38962,TOE DRAIN/TULE CANAL,2016-03-11,1412
3,15,38963,TOE DRAIN/TULE CANAL,2016-03-11,1412
3,15,38964,TOE DRAIN/TULE CANAL,2016-03-11,1412
3,15,38965,TOE DRAIN/TULE CANAL,2016-03-11,1412
3,15,38966,TOE DRAIN/TULE CANAL,2016-03-11,1412
3,15,39278,TOE DRAIN/TULE CANAL,2016-03-11,1412
3,15,39279,TOE DRAIN/TULE CANAL,2016-03-11,1412
3,15,39280,TOE DRAIN/TULE CANAL,2016-03-11,1412
3,15,39281,TOE DRAIN/TULE CANAL,2016-03-11,1412
3,15,39282,TOE DRAIN/TULE CANAL,2016-03-11,1412
3,16,39861,TOE DRAIN/TULE CANAL,2016-03-11,2007
3,16,39862,TOE DRAIN/TULE CANAL,2016-03-11,2007
3,16,39863,TOE DRAIN/TULE CANAL,2016-03-11,2007
3,16,39865,TOE DRAIN/TULE CANAL,2016-03-11,2007
3,16,39866,TOE DRAIN/TULE CANAL,2016-03-11,2007
3,16,39309,TOE DRAIN/TULE CANAL,2016-03-11,2007
3,16,39507,TOE DRAIN/TULE CANAL,2016-03-11,2007
3,16,39508,TOE DRAIN/TULE CANAL,2016-03-11,2007
3,16,39510,TOE DRAIN/TULE CANAL,2016-03-11,2007
3,16,39512,TOE DRAIN/TULE CANAL,2016-03-11,2007
3,16,39513,TOE DRAIN/TULE CANAL,2016-03-11,2007
3,17,39867,TOE DRAIN/TULE CANAL,2016-03-11,2008
3,17,39868,TOE DRAIN/TULE CANAL,2016-03-11,2008
3,17,39869,TOE DRAIN/TULE CANAL,2016-03-11,2008
3,17,39870,TOE DRAIN/TULE CANAL,2016-03-11,2008
3,17,39302,TOE DRAIN/TULE CANAL,2016-03-11,2008
3,17,39515,TOE DRAIN/TULE CANAL,2016-03-11,2008
3,17,39516,TOE DRAIN/TULE CANAL,2016-03-11,2008
3,17,38995,TOE DRAIN/TULE CANAL,2016-03-11,2008
3,17,38996,TOE DRAIN/TULE CANAL,2016-03-11,2008
3,17,38997,TOE DRAIN/TULE CANAL,2016-03-11,2008
3,17,39514,TOE DRAIN/TULE CANAL,2016-03-11,2008
3,18,39304,TOE DRAIN/TULE CANAL,2016-03-11,2014
3,18,39305,TOE DRAIN/TULE CANAL,2016-03-11,2014
3,18,39306,TOE DRAIN/TULE CANAL,2016-03-11,2014
3,18,39307,TOE DRAIN/TULE CANAL,2016-03-11,2014
3,18,39308,TOE DRAIN/TULE CANAL,2016-03-11,2014
3,18,38999,TOE DRAIN/TULE CANAL,2016-03-11,2014
3,18,39000,TOE DRAIN/TULE CANAL,2016-03-11,2014
3,18,39001,TOE DRAIN/TULE CANAL,2016-03-11,2014
3,18,39002,TOE DRAIN/TULE CANAL,2016-03-11,2014
3,18,39003,TOE DRAIN/TULE CANAL,2016-03-11,2014
3,18,39005,TOE DRAIN/TULE CANAL,2016-03-11,2014
3,19,39871,TOE DRAIN/TULE CANAL,2016-03-12,0157
3,19,39872,TOE DRAIN/TULE CANAL,2016-03-12,0157
3,19,39873,TOE DRAIN/TULE CANAL,2016-03-12,0157
3,19,39874,TOE DRAIN/TULE CANAL,2016-03-12,0157
3,19,39875,TOE DRAIN/TULE CANAL,2016-03-12,0157
3,19,39876,TOE DRAIN/TULE CANAL,2016-03-12,0157
3,19,39517,TOE DRAIN/TULE CANAL,2016-03-12,0157
3,19,39518,TOE DRAIN/TULE CANAL,2016-03-12,0157
3,19,39519,TOE DRAIN/TULE CANAL,2016-03-12,0157
3,19,39520,TOE DRAIN/TULE CANAL,2016-03-12,0157
3,19,39521,TOE DRAIN/TULE CANAL,2016-03-12,0157
3,20,39878,TOE DRAIN/TULE CANAL,2016-03-12,0158
3,20,39879,TOE DRAIN/TULE CANAL,2016-03-12,0158
3,20,39293,TOE DRAIN/TULE CANAL,2016-03-12,0158
3,20,39294,TOE DRAIN/TULE CANAL,2016-03-12,0158
3,20,39295,TOE DRAIN/TULE CANAL,2016-03-12,0158
3,20,39301,TOE DRAIN/TULE CANAL,2016-03-12,0158
3,20,39522,TOE DRAIN/TULE CANAL,2016-03-12,0158
3,20,39523,TOE DRAIN/TULE CANAL,2016-03-12,0158
3,20,39524,TOE DRAIN/TULE CANAL,2016-03-12,0158
3,20,39525,TOE DRAIN/TULE CANAL,2016-03-12,0158
3,20,39004,TOE DRAIN/TULE CANAL,2016-03-12,0158
3,21,39296,TOE DRAIN/TULE CANAL,2016-03-12,0204
3,21,39297,TOE DRAIN/TULE CANAL,2016-03-12,0204
3,21,39298,TOE DRAIN/TULE CANAL,2016-03-12,0204
3,21,39299,TOE DRAIN/TULE CANAL,2016-03-12,0204
3,21,39300,TOE DRAIN/TULE CANAL,2016-03-12,0204
3,21,39006,TOE DRAIN/TULE CANAL,2016-03-12,0204
3,21,39007,TOE DRAIN/TULE CANAL,2016-03-12,0204
3,21,39008,TOE DRAIN/TULE CANAL,2016-03-12,0204
3,21,39009,TOE DRAIN/TULE CANAL,2016-03-12,0204
3,21,39010,TOE DRAIN/TULE CANAL,2016-03-12,0204
3,21,39011,TOE DRAIN/TULE CANAL,2016-03-12,0204
4,1,39012,TISDALE,2016-03-15,1800
4,1,39013,TISDALE,2016-03-15,1800
4,1,39014,TISDALE,2016-03-15,1800
4,1,39015,TISDALE,2016-03-15,1800
4,1,39016,TISDALE,2016-03-15,1800
4,1,39017,TISDALE,2016-03-15,1800
4,1,36535,TISDALE,2016-03-15,1800
4,1,39054,TISDALE,2016-03-15,1800
4,1,39055,TISDALE,2016-03-15,1800
4,1,39056,TISDALE,2016-03-15,1800
4,1,39057,TISDALE,2016-03-15,1800
4,1,39058,TISDALE,2016-03-15,1800
4,1,39579,TISDALE,2016-03-15,1800
4,2,36479,TISDALE,2016-03-16,0159
4,2,39526,TISDALE,2016-03-16,0159
4,2,39529,TISDALE,2016-03-16,0159
4,2,39530,TISDALE,2016-03-16,0159
4,2,39531,TISDALE,2016-03-16,0159
4,2,39532,TISDALE,2016-03-16,0159
4,2,39533,TISDALE,2016-03-16,0159
4,2,39572,TISDALE,2016-03-16,0159
4,2,39573,TISDALE,2016-03-16,0159
4,2,39574,TISDALE,2016-03-16,0159
4,2,39576,TISDALE,2016-03-16,0159
4,2,39577,TISDALE,2016-03-16,0159
4,2,39578,TISDALE,2016-03-16,0159
4,3,39018,TISDALE,2016-03-16,1000
4,3,39019,TISDALE,2016-03-16,1000
4,3,39020,TISDALE,2016-03-16,1000
4,3,39021,TISDALE,2016-03-16,1000
4,3,39022,TISDALE,2016-03-16,1000
4,3,39024,TISDALE,2016-03-16,1000
4,3,39025,TISDALE,2016-03-16,1000
4,3,36591,TISDALE,2016-03-16,1000
4,3,39059,TISDALE,2016-03-16,1000
4,3,39060,TISDALE,2016-03-16,1000
4,3,39061,TISDALE,2016-03-16,1000
4,3,39063,TISDALE,2016-03-16,1000
4,3,39065,TISDALE,2016-03-16,1000
4,3,39066,TISDALE,2016-03-16,1000
4,4,36658,YOLO,2016-03-16,0725
4,4,39536,YOLO,2016-03-16,0725
4,4,39537,YOLO,2016-03-16,0725
4,4,39538,YOLO,2016-03-16,0725
4,4,39539,YOLO,2016-03-16,0725
4,4,39540,YOLO,2016-03-16,0725
4,4,39580,YOLO,2016-03-16,0725
4,4,39581,YOLO,2016-03-16,0725
4,4,39582,YOLO,2016-03-16,0725
4,4,39583,YOLO,2016-03-16,0725
4,4,39584,YOLO,2016-03-16,0725
4,5,39541,YOLO,2016-03-16,0726
4,5,39542,YOLO,2016-03-16,0726
4,5,39544,YOLO,2016-03-16,0726
4,5,39545,YOLO,2016-03-16,0726
4,5,39546,YOLO,2016-03-16,0726
4,5,36600,YOLO,2016-03-16,0726
4,5,39067,YOLO,2016-03-16,0726
4,5,39068,YOLO,2016-03-16,0726
4,5,39069,YOLO,2016-03-16,0726
4,5,39070,YOLO,2016-03-16,0726
4,5,39071,YOLO,2016-03-16,0726
4,6,39547,YOLO,2016-03-16,0726
4,6,36489,YOLO,2016-03-16,0726
4,6,39027,YOLO,2016-03-16,0726
4,6,39028,YOLO,2016-03-16,0726
4,6,39029,YOLO,2016-03-16,0726
4,6,39030,YOLO,2016-03-16,0726
4,6,39072,YOLO,2016-03-16,0726
4,6,39073,YOLO,2016-03-16,0726
4,6,39074,YOLO,2016-03-16,0726
4,6,39075,YOLO,2016-03-16,0726
4,6,39076,YOLO,2016-03-16,0726
4,6,39077,YOLO,2016-03-16,0726
4,7,39548,VERONA,2016-03-16,0625
4,7,39549,VERONA,2016-03-16,0625
4,7,39550,VERONA,2016-03-16,0625
4,7,39551,VERONA,2016-03-16,0625
4,7,39552,VERONA,2016-03-16,0625
4,7,36490,VERONA,2016-03-16,0625
4,7,36620,VERONA,2016-03-16,0625
4,7,39585,VERONA,2016-03-16,0625
4,7,39586,VERONA,2016-03-16,0625
4,7,39587,VERONA,2016-03-16,0625
4,7,39588,VERONA,2016-03-16,0625
4,8,39261,VERONA,2016-03-16,0623
4,8,39262,VERONA,2016-03-16,0623
4,8,39263,VERONA,2016-03-16,0623
4,8,39264,VERONA,2016-03-16,0623
4,8,39265,VERONA,2016-03-16,0623
4,8,39589,VERONA,2016-03-16,0623
4,8,39590,VERONA,2016-03-16,0623
4,8,39591,VERONA,2016-03-16,0623
4,8,39078,VERONA,2016-03-16,0623
4,8,39079,VERONA,2016-03-16,0623
4,8,39080,VERONA,2016-03-16,0623
4,9,39266,VERONA,2016-03-16,0630
4,9,39267,VERONA,2016-03-16,0630
4,9,39269,VERONA,2016-03-16,0630
4,9,39271,VERONA,2016-03-16,0630
4,9,39272,VERONA,2016-03-16,0630
4,9,39081,VERONA,2016-03-16,0630
4,9,39082,VERONA,2016-03-16,0630
4,9,39084,VERONA,2016-03-16,0630
4,9,39085,VERONA,2016-03-16,0630
4,9,39086,VERONA,2016-03-16,0630
4,9,39814,VERONA,2016-03-16,0630
4,10,36493,YOLO,2016-03-16,1548
4,10,39833,YOLO,2016-03-16,1548
4,10,39834,YOLO,2016-03-16,1548
4,10,39835,YOLO,2016-03-16,1548
4,10,39836,YOLO,2016-03-16,1548
4,10,39837,YOLO,2016-03-16,1548
4,10,39815,YOLO,2016-03-16,1548
4,10,39816,YOLO,2016-03-16,1548
4,10,39817,YOLO,2016-03-16,1548
4,10,39818,YOLO,2016-03-16,1548
4,10,39819,YOLO,2016-03-16,1548
4,11,39839,YOLO,2016-03-16,1550
4,11,39840,YOLO,2016-03-16,1550
4,11,39841,YOLO,2016-03-16,1550
4,11,39254,YOLO,2016-03-16,1550
4,11,39255,YOLO,2016-03-16,1550
4,11,39256,YOLO,2016-03-16,1550
4,11,39820,YOLO,2016-03-16,1550
4,11,39821,YOLO,2016-03-16,1550
4,11,39822,YOLO,2016-03-16,1550
4,11,39236,YOLO,2016-03-16,1550
4,11,39237,YOLO,2016-03-16,1550
4,12,39257,YOLO,2016-03-16,1551
4,12,39258,YOLO,2016-03-16,1551
4,12,39259,YOLO,2016-03-16,1551
4,12,39260,YOLO,2016-03-16,1551
4,12,39031,YOLO,2016-03-16,1551
4,12,39238,YOLO,2016-03-16,1551
4,12,39239,YOLO,2016-03-16,1551
4,12,39240,YOLO,2016-03-16,1551
4,12,39241,YOLO,2016-03-16,1551
4,12,39242,YOLO,2016-03-16,1551
4,12,39243,YOLO,2016-03-16,1551
4,13,39824,VERONA,2016-03-16,1430
4,13,39825,VERONA,2016-03-16,1430
4,13,39826,VERONA,2016-03-16,1430
4,13,39827,VERONA,2016-03-16,1430
4,13,39828,VERONA,2016-03-16,1430
4,13,39829,VERONA,2016-03-16,1430
4,13,39804,VERONA,2016-03-16,1430
4,13,39805,VERONA,2016-03-16,1430
4,13,39807,VERONA,2016-03-16,1430
4,13,39808,VERONA,2016-03-16,1430
4,13,39809,VERONA,2016-03-16,1430
4,14,39831,VERONA,2016-03-16,1436
4,14,39832,VERONA,2016-03-16,1436
4,14,39244,VERONA,2016-03-16,1436
4,14,39245,VERONA,2016-03-16,1436
4,14,39246,VERONA,2016-03-16,1436
4,14,39810,VERONA,2016-03-16,1436
4,14,39811,VERONA,2016-03-16,1436
4,14,39812,VERONA,2016-03-16,1436
4,14,39226,VERONA,2016-03-16,1436
4,14,39227,VERONA,2016-03-16,1436
4,14,39228,VERONA,2016-03-16,1436
4,15,39247,VERONA,2016-03-16,1445
4,15,39248,VERONA,2016-03-16,1445
4,15,39249,VERONA,2016-03-16,1445
4,15,39250,VERONA,2016-03-16,1445
4,15,39253,VERONA,2016-03-16,1445
4,15,39052,VERONA,2016-03-16,1445
4,15,39229,VERONA,2016-03-16,1445
4,15,39230,VERONA,2016-03-16,1445
4,15,39231,VERONA,2016-03-16,1445
4,15,39232,VERONA,2016-03-16,1445
4,15,39233,VERONA,2016-03-16,1445
4,16,39553,YOLO,2016-03-16,2250
4,16,39554,YOLO,2016-03-16,2250
4,16,39555,YOLO,2016-03-16,2250
4,16,39556,YOLO,2016-03-16,2250
4,16,39557,YOLO,2016-03-16,2250
4,16,39234,YOLO,2016-03-16,2250
4,16,39737,YOLO,2016-03-16,2250
4,16,39738,YOLO,2016-03-16,2250
4,16,39739,YOLO,2016-03-16,2250
4,16,39740,YOLO,2016-03-16,2250
4,16,39741,YOLO,2016-03-16,2250
4,17,39558,YOLO,2016-03-16,2250
4,17,39559,YOLO,2016-03-16,2250
4,17,39560,YOLO,2016-03-16,2250
4,17,39561,YOLO,2016-03-16,2250
4,17,39032,YOLO,2016-03-16,2250
4,17,39033,YOLO,2016-03-16,2250
4,17,39742,YOLO,2016-03-16,2250
4,17,39744,YOLO,2016-03-16,2250
4,17,39745,YOLO,2016-03-16,2250
4,17,39218,YOLO,2016-03-16,2250
4,17,39219,YOLO,2016-03-16,2250
4,18,39034,YOLO,2016-03-16,2251
4,18,39036,YOLO,2016-03-16,2251
4,18,39037,YOLO,2016-03-16,2251
4,18,39038,YOLO,2016-03-16,2251
4,18,39039,YOLO,2016-03-16,2251
4,18,39220,YOLO,2016-03-16,2251
4,18,39221,YOLO,2016-03-16,2251
4,18,39222,YOLO,2016-03-16,2251
4,18,39223,YOLO,2016-03-16,2251
4,18,39224,YOLO,2016-03-16,2251
4,18,39225,YOLO,2016-03-16,2251
4,19,39040,VERONA,2016-03-16,2148
4,19,39562,VERONA,2016-03-16,2148
4,19,39563,VERONA,2016-03-16,2148
4,19,39565,VERONA,2016-03-16,2148
4,19,39566,VERONA,2016-03-16,2148
4,19,39567,VERONA,2016-03-16,2148
4,19,39727,VERONA,2016-03-16,2148
4,19,39728,VERONA,2016-03-16,2148
4,19,39730,VERONA,2016-03-16,2148
4,19,39731,VERONA,2016-03-16,2148
4,19,39733,VERONA,2016-03-16,2148
4,20,39569,VERONA,2016-03-16,2143
4,20,39570,VERONA,2016-03-16,2143
4,20,39571,VERONA,2016-03-16,2143
4,20,39041,VERONA,2016-03-16,2143
4,20,39043,VERONA,2016-03-16,2143
4,20,39734,VERONA,2016-03-16,2143
4,20,39735,VERONA,2016-03-16,2143
4,20,39736,VERONA,2016-03-16,2143
4,20,39208,VERONA,2016-03-16,2143
4,20,39209,VERONA,2016-03-16,2143
4,20,39211,VERONA,2016-03-16,2143
4,21,39045,VERONA,2016-03-16,2157
4,21,39046,VERONA,2016-03-16,2157
4,21,39048,VERONA,2016-03-16,2157
4,21,39049,VERONA,2016-03-16,2157
4,21,39050,VERONA,2016-03-16,2157
4,21,39051,VERONA,2016-03-16,2157
4,21,39212,VERONA,2016-03-16,2157
4,21,39213,VERONA,2016-03-16,2157
4,21,39214,VERONA,2016-03-16,2157
4,21,39215,VERONA,2016-03-16,2157
4,21,39216,VERONA,2016-03-16,2157
4,21,39217,VERONA,2016-03-16,2157
5,1,39106,TISDALE,2016-03-18,0200
5,1,39107,TISDALE,2016-03-18,0200
5,1,39108,TISDALE,2016-03-18,0200
5,1,39109,TISDALE,2016-03-18,0200
5,1,39110,TISDALE,2016-03-18,0200
5,1,39111,TISDALE,2016-03-18,0200
5,1,36510,TISDALE,2016-03-18,0200
5,1,36625,TISDALE,2016-03-18,0200
5,1,39087,TISDALE,2016-03-18,0200
5,1,39088,TISDALE,2016-03-18,0200
5,1,39089,TISDALE,2016-03-18,0200
5,1,39090,TISDALE,2016-03-18,0200
5,1,39092,TISDALE,2016-03-18,0200
5,1,39093,TISDALE,2016-03-18,0200
5,2,39608,TISDALE,2016-03-17,1800
5,2,39609,TISDALE,2016-03-17,1800
5,2,39610,TISDALE,2016-03-17,1800
5,2,39612,TISDALE,2016-03-17,1800
5,2,39613,TISDALE,2016-03-17,1800
5,2,39616,TISDALE,2016-03-17,1800
5,2,39592,TISDALE,2016-03-17,1800
5,2,39593,TISDALE,2016-03-17,1800
5,2,39594,TISDALE,2016-03-17,1800
5,2,39595,TISDALE,2016-03-17,1800
5,2,39596,TISDALE,2016-03-17,1800
5,2,39597,TISDALE,2016-03-17,1800
5,2,39598,TISDALE,2016-03-17,1800
5,3,39112,TISDALE,2016-03-18,0959
5,3,39113,TISDALE,2016-03-18,0959
5,3,39114,TISDALE,2016-03-18,0959
5,3,39115,TISDALE,2016-03-18,0959
5,3,39116,TISDALE,2016-03-18,0959
5,3,39117,TISDALE,2016-03-18,0959
5,3,39118,TISDALE,2016-03-18,0959
5,3,36627,TISDALE,2016-03-18,0959
5,3,39094,TISDALE,2016-03-18,0959
5,3,39095,TISDALE,2016-03-18,0959
5,3,39096,TISDALE,2016-03-18,0959
5,3,39097,TISDALE,2016-03-18,0959
5,3,39098,TISDALE,2016-03-18,0959
5,4,36512,YOLO,2016-03-18,0711
5,4,39617,YOLO,2016-03-18,0711
5,4,39618,YOLO,2016-03-18,0711
5,4,39619,YOLO,2016-03-18,0711
5,4,39620,YOLO,2016-03-18,0711
5,4,39670,YOLO,2016-03-18,0711
5,4,39600,YOLO,2016-03-18,0711
5,4,39601,YOLO,2016-03-18,0711
5,4,39602,YOLO,2016-03-18,0711
5,4,39603,YOLO,2016-03-18,0711
5,4,39605,YOLO,2016-03-18,0711
5,5,39621,YOLO,2016-03-18,0713
5,5,39622,YOLO,2016-03-18,0713
5,5,39623,YOLO,2016-03-18,0713
5,5,39119,YOLO,2016-03-18,0713
5,5,39120,YOLO,2016-03-18,0713
5,5,39606,YOLO,2016-03-18,0713
5,5,39607,YOLO,2016-03-18,0713
5,5,36643,YOLO,2016-03-18,0713
5,5,39099,YOLO,2016-03-18,0713
5,5,39100,YOLO,2016-03-18,0713
5,5,39101,YOLO,2016-03-18,0713
5,6,39123,YOLO,2016-03-18,0713
5,6,39124,YOLO,2016-03-18,0713
5,6,39125,YOLO,2016-03-18,0713
5,6,39126,YOLO,2016-03-18,0713
5,6,39127,YOLO,2016-03-18,0713
5,6,39102,YOLO,2016-03-18,0713
5,6,39103,YOLO,2016-03-18,0713
5,6,39104,YOLO,2016-03-18,0713
5,6,39105,YOLO,2016-03-18,0713
5,6,39722,YOLO,2016-03-18,0713
5,7,39624,VERONA,2016-03-18,0607
5,7,39625,VERONA,2016-03-18,0607
5,7,39627,VERONA,2016-03-18,0607
5,7,39628,VERONA,2016-03-18,0607
5,7,39629,VERONA,2016-03-18,0607
5,7,39630,VERONA,2016-03-18,0607
5,7,39723,VERONA,2016-03-18,0607
5,7,39724,VERONA,2016-03-18,0607
5,7,39725,VERONA,2016-03-18,0607
5,7,39726,VERONA,2016-03-18,0607
5,7,36496,VERONA,2016-03-18,0607
5,8,39631,VERONA,2016-03-18,0600
5,8,39632,VERONA,2016-03-18,0600
5,8,39633,VERONA,2016-03-18,0600
5,8,39183,VERONA,2016-03-18,0600
5,8,39128,VERONA,2016-03-18,0600
5,8,39197,VERONA,2016-03-18,0600
5,8,39198,VERONA,2016-03-18,0600
5,8,39199,VERONA,2016-03-18,0600
5,8,39200,VERONA,2016-03-18,0600
5,8,39201,VERONA,2016-03-18,0600
5,8,39202,VERONA,2016-03-18,0600
5,9,39130,VERONA,2016-03-18,0618
5,9,39131,VERONA,2016-03-18,0618
5,9,39132,VERONA,2016-03-18,0618
5,9,39133,VERONA,2016-03-18,0618
5,9,39134,VERONA,2016-03-18,0618
5,9,39203,VERONA,2016-03-18,0618
5,9,39204,VERONA,2016-03-18,0618
5,9,39205,VERONA,2016-03-18,0618
5,9,39206,VERONA,2016-03-18,0618
5,9,39207,VERONA,2016-03-18,0618
5,9,36500,VERONA,2016-03-18,0618
5,10,39135,YOLO,2016-03-18,1558
5,10,39635,YOLO,2016-03-18,1558
5,10,39636,YOLO,2016-03-18,1558
5,10,39637,YOLO,2016-03-18,1558
5,10,39638,YOLO,2016-03-18,1558
5,10,39639,YOLO,2016-03-18,1558
5,10,39713,YOLO,2016-03-18,1558
5,10,39714,YOLO,2016-03-18,1558
5,10,39715,YOLO,2016-03-18,1558
5,10,39717,YOLO,2016-03-18,1558
5,10,39718,YOLO,2016-03-18,1558
5,11,39640,YOLO,2016-03-18,1600
5,11,39641,YOLO,2016-03-18,1600
5,11,39642,YOLO,2016-03-18,1600
5,11,39136,YOLO,2016-03-18,1600
5,11,39137,YOLO,2016-03-18,1600
5,11,39138,YOLO,2016-03-18,1600
5,11,39719,YOLO,2016-03-18,1600
5,11,39720,YOLO,2016-03-18,1600
5,11,39721,YOLO,2016-03-18,1600
5,11,39189,YOLO,2016-03-18,1600
5,11,39190,YOLO,2016-03-18,1600
5,11,39191,YOLO,2016-03-18,1600
5,12,39139,YOLO,2016-03-18,1607
5,12,39140,YOLO,2016-03-18,1607
5,12,39141,YOLO,2016-03-18,1607
5,12,39142,YOLO,2016-03-18,1607
5,12,39143,YOLO,2016-03-18,1607
5,12,39192,YOLO,2016-03-18,1607
5,12,39193,YOLO,2016-03-18,1607
5,12,39194,YOLO,2016-03-18,1607
5,12,39195,YOLO,2016-03-18,1607
5,12,39196,YOLO,2016-03-18,1607
5,12,39703,YOLO,2016-03-18,1607
5,13,39144,VERONA,2016-03-18,1433
5,13,39643,VERONA,2016-03-18,1433
5,13,39644,VERONA,2016-03-18,1433
5,13,39645,VERONA,2016-03-18,1433
5,13,39646,VERONA,2016-03-18,1433
5,13,39647,VERONA,2016-03-18,1433
5,13,39704,VERONA,2016-03-18,1433
5,13,39706,VERONA,2016-03-18,1433
5,13,39707,VERONA,2016-03-18,1433
5,13,39708,VERONA,2016-03-18,1433
5,13,39709,VERONA,2016-03-18,1433
5,14,39648,VERONA,2016-03-18,1440
5,14,39649,VERONA,2016-03-18,1440
5,14,39650,VERONA,2016-03-18,1440
5,14,39651,VERONA,2016-03-18,1440
5,14,39675,VERONA,2016-03-18,1440
5,14,39710,VERONA,2016-03-18,1440
5,14,39711,VERONA,2016-03-18,1440
5,14,39712,VERONA,2016-03-18,1440
5,14,39181,VERONA,2016-03-18,1440
5,14,39182,VERONA,2016-03-18,1440
5,15,39676,VERONA,2016-03-18,1448
5,15,39677,VERONA,2016-03-18,1448
5,15,39679,VERONA,2016-03-18,1448
5,15,39680,VERONA,2016-03-18,1448
5,15,39681,VERONA,2016-03-18,1448
5,15,39682,VERONA,2016-03-18,1448
5,15,39184,VERONA,2016-03-18,1448
5,15,39185,VERONA,2016-03-18,1448
5,15,39186,VERONA,2016-03-18,1448
5,15,39187,VERONA,2016-03-18,1448
5,15,39188,VERONA,2016-03-18,1448
5,15,39694,VERONA,2016-03-18,1448
5,16,39683,YOLO,2016-03-18,2350
5,16,39652,YOLO,2016-03-18,2350
5,16,39653,YOLO,2016-03-18,2350
5,16,39654,YOLO,2016-03-18,2350
5,16,39655,YOLO,2016-03-18,2350
5,16,39695,YOLO,2016-03-18,2350
5,16,39696,YOLO,2016-03-18,2350
5,16,39697,YOLO,2016-03-18,2350
5,16,39699,YOLO,2016-03-18,2350
5,16,39700,YOLO,2016-03-18,2350
5,16,39701,YOLO,2016-03-18,2350
5,17,39656,YOLO,2016-03-18,2347
5,17,39657,YOLO,2016-03-18,2347
5,17,39658,YOLO,2016-03-18,2347
5,17,39659,YOLO,2016-03-18,2347
5,17,39145,YOLO,2016-03-18,2347
5,17,39702,YOLO,2016-03-18,2347
5,17,39166,YOLO,2016-03-18,2347
5,17,39167,YOLO,2016-03-18,2347
5,17,39168,YOLO,2016-03-18,2347
5,17,39170,YOLO,2016-03-18,2347
5,18,39146,YOLO,2016-03-18,2349
5,18,39148,YOLO,2016-03-18,2349
5,18,39149,YOLO,2016-03-18,2349
5,18,39150,YOLO,2016-03-18,2349
5,18,39151,YOLO,2016-03-18,2349
5,18,39176,YOLO,2016-03-18,2349
5,18,39177,YOLO,2016-03-18,2349
5,18,39178,YOLO,2016-03-18,2349
5,18,39179,YOLO,2016-03-18,2349
5,18,39180,YOLO,2016-03-18,2349
5,18,39684,YOLO,2016-03-18,2349
5,19,39152,VERONA,2016-03-18,2230
5,19,39153,VERONA,2016-03-18,2230
5,19,39660,VERONA,2016-03-18,2230
5,19,39661,VERONA,2016-03-18,2230
5,19,39662,VERONA,2016-03-18,2230
5,19,39663,VERONA,2016-03-18,2230
5,19,39685,VERONA,2016-03-18,2230
5,19,39686,VERONA,2016-03-18,2230
5,19,39687,VERONA,2016-03-18,2230
5,19,39689,VERONA,2016-03-18,2230
5,19,39691,VERONA,2016-03-18,2230
5,20,39664,VERONA,2016-03-18,2244
5,20,39665,VERONA,2016-03-18,2244
5,20,39666,VERONA,2016-03-18,2244
5,20,39667,VERONA,2016-03-18,2244
5,20,39668,VERONA,2016-03-18,2244
5,20,39692,VERONA,2016-03-18,2244
5,20,39693,VERONA,2016-03-18,2244
5,20,39157,VERONA,2016-03-18,2244
5,20,39158,VERONA,2016-03-18,2244
5,20,39160,VERONA,2016-03-18,2244
5,20,39161,VERONA,2016-03-18,2244
5,21,39669,VERONA ,2016-03-18,2255
5,21,39671,VERONA ,2016-03-18,2255
5,21,39672,VERONA ,2016-03-18,2255
5,21,39673,VERONA ,2016-03-18,2255
5,21,39154,VERONA ,2016-03-18,2255
5,21,39156,VERONA ,2016-03-18,2255
5,21,39162,VERONA ,2016-03-18,2255
5,21,39163,VERONA ,2016-03-18,2255
5,21,39164,VERONA ,2016-03-18,2255
5,21,39165,VERONA ,2016-03-18,2255
5,21,39599,VERONA ,2016-03-18,2255
